2015-08-10 00:00:00,/index.html,3,0
2015-08-10 01:00:00,/index.html,3,0
2015-08-10 01:00:00,/robots.txt,1,0
2015-08-10 02:00:00,/index.html,1,5041
2015-08-10 02:00:00,/css/reset.css,1,331
2015-08-10 02:00:00,/css/anylinkcssmenu.css,1,1729
2015-08-10 02:00:00,/css/style.css,1,2730
2015-08-10 02:00:00,/scripts/anylinkcssmenu.js,1,12134
2015-08-10 02:00:00,/scripts/jquery-latest.js,1,253148
2015-08-10 05:00:00,/coir-yarn.html,2,472
2015-08-10 05:00:00,/index.html,4,50098
2015-08-10 05:00:00,/robots.txt,1,1795
2015-08-10 05:00:00,/about.html,1,7495
2015-08-10 05:00:00,/contact.html,1,8744
2015-08-10 05:00:00,/faq.html,1,8234
2015-08-10 05:00:00,/about-cocopeat.html,1,9271
2015-08-10 05:00:00,/quality-control.html,1,7637
2015-08-10 05:00:00,/manufacturing.html,1,8455
2015-08-10 05:00:00,/compressed-cocopeat-bales.html,1,7157
2015-08-10 05:00:00,/coconut-fiber-50kgs.html,1,6773
2015-08-10 06:00:00,/robots.txt,1,1814
2015-08-10 06:00:00,/index.html,2,17055
2015-08-10 06:00:00,/quality-control.html,1,237
2015-08-10 07:00:00,/index.html,3,38536
2015-08-10 07:00:00,/css/reset.css,1,331
2015-08-10 07:00:00,/css/style.css,1,2730
2015-08-10 07:00:00,/scripts/anylinkcssmenu.js,1,12134
2015-08-10 07:00:00,/robots.txt,2,3628
2015-08-10 07:00:00,/images/bullet.jpg,1,22774
2015-08-10 08:00:00,/css/anylinkcssmenu.css,1,1748
2015-08-10 08:00:00,/index.html,1,307
2015-08-10 14:00:00,/index.html,4,38835
2015-08-10 16:00:00,/coir-yarn.html,1,2260
2015-08-10 16:00:00,/images/cocopeat-fiber.png,1,16422
2015-08-10 17:00:00,/index.html,1,16739
2015-08-10 18:00:00,/index.html,1,0
2015-08-10 19:00:00,/ajaxcontact/nul.incc.asp,4,976
2015-08-10 20:00:00,/index.html,1,16739
2015-08-10 21:00:00,/index.html,1,5041
2015-08-10 21:00:00,/css/reset.css,1,331
2015-08-10 21:00:00,/css/anylinkcssmenu.css,1,1729
2015-08-10 21:00:00,/css/style.css,1,2730
2015-08-10 21:00:00,/scripts/anylinkcssmenu.js,1,12134
2015-08-10 21:00:00,/scripts/jquery-latest.js,1,187612
2015-08-10 21:00:00,/images/slide3.jpg,1,303722
2015-08-10 22:00:00,/index.html,3,0
2015-08-10 23:00:00,/about.html,1,2920
2015-08-10 23:00:00,/css/reset.css,1,331
2015-08-10 23:00:00,/css/style.css,1,2730
2015-08-10 23:00:00,/css/anylinkcssmenu.css,1,1729
2015-08-10 23:00:00,/images/logo.png,1,9922
2015-08-10 23:00:00,/scripts/anylinkcssmenu.js,1,12134
2015-08-10 23:00:00,/images/top-shade.png,1,4808
2015-08-10 23:00:00,/images/bullet.jpg,1,22755
2015-08-10 23:00:00,/images/bottom-shade.png,1,5225
2015-08-10 23:00:00,/images/promo.png,1,27399
2015-08-10 23:00:00,/images/slide1.jpg,1,136947
2015-08-10 23:00:00,/favicon.ico,1,1795
2015-08-10 23:00:00,/contact.html,1,2887
2015-08-11 00:00:00,/index.html,3,0
2015-08-11 00:00:00,/css/reset.css,1,350
2015-08-11 01:00:00,/index.html,5,4986
2015-08-11 02:00:00,/index.html,2,0
2015-08-11 03:00:00,/index.html,1,16741
2015-08-11 04:00:00,/coir-yarn.html,1,2260
2015-08-11 05:00:00,/robots.txt,2,3609
2015-08-11 05:00:00,/index.html,1,16734
2015-08-11 06:00:00,/index.html,3,0
2015-08-11 06:00:00,/contact.html,1,2887
2015-08-11 07:00:00,/index.html,3,5045
2015-08-11 09:00:00,/images/slide1.jpg,1,136966
2015-08-11 09:00:00,/index.html,2,10069
2015-08-11 10:00:00,/about.html,1,2920
2015-08-11 11:00:00,/images/what-is-cocopeat.jpg,1,92982
2015-08-11 11:00:00,/robots.txt,5,8975
2015-08-11 11:00:00,/index.html,1,16715
2015-08-11 11:00:00,/xmlrpc.php,1,1795
2015-08-11 11:00:00,/blog/robots.txt,1,1795
2015-08-11 11:00:00,/blog/,1,1795
2015-08-11 11:00:00,/wordpress/,1,1795
2015-08-11 11:00:00,/wp/,1,1795
2015-08-11 11:00:00,/administrator/index.php,1,1795
2015-08-11 11:00:00,/admin/index.php,1,1795
2015-08-11 11:00:00,/bitrix/admin/index.php,1,1795
2015-08-11 14:00:00,/xmlrpc.php,1,0
2015-08-11 14:00:00,/robots.txt,1,1814
2015-08-11 14:00:00,/index.html,1,16738
2015-08-11 15:00:00,/css/anylinkcssmenu.css,1,1729
2015-08-11 15:00:00,/index.html,3,5045
2015-08-11 15:00:00,/css/reset.css,1,331
2015-08-11 15:00:00,/css/style.css,1,2730
2015-08-11 15:00:00,/scripts/anylinkcssmenu.js,1,12134
2015-08-11 15:00:00,/scripts/jquery-latest.js,1,253148
2015-08-11 15:00:00,/images/logo.png,1,9922
2015-08-11 15:00:00,/images/cocopeat-fiber.png,1,16403
2015-08-11 15:00:00,/images/cocopeat-5kg-compressedcocopeatbales.png,1,46594
2015-08-11 15:00:00,/images/cocopeat-fiber-120kgs.png,1,32242
2015-08-11 15:00:00,/images/curled-coir.png,1,29238
2015-08-11 15:00:00,/images/slide1.jpg,1,136947
2015-08-11 15:00:00,/images/coir-2-plyr.png,1,33044
2015-08-11 15:00:00,/images/sprout-bullet.png,1,3974
2015-08-11 15:00:00,/images/promo.png,1,27399
2015-08-11 15:00:00,/images/img1.png,1,37612
2015-08-11 15:00:00,/images/bullet.jpg,1,22755
2015-08-11 15:00:00,/images/top-shade.png,1,4808
2015-08-11 15:00:00,/images/cocopeat-composed.png,1,53474
2015-08-11 15:00:00,/images/bottom-shade.png,1,5225
2015-08-11 15:00:00,/images/slide4.jpg,1,263028
2015-08-11 15:00:00,/images/slide6.jpg,1,196608
2015-08-11 15:00:00,/images/slide5.jpg,1,169464
2015-08-11 15:00:00,/images/slide2.jpg,1,353995
2015-08-11 15:00:00,/favicon.ico,2,3590
2015-08-11 15:00:00,/contact.html,1,2887
2015-08-11 15:00:00,/images/slide3.jpg,1,303703
2015-08-11 16:00:00,/robots.txt,1,1795
2015-08-11 16:00:00,/coir-yarn.html,1,2241
2015-08-11 16:00:00,/css/reset.css,1,331
2015-08-11 16:00:00,/css/style.css,1,2730
2015-08-11 16:00:00,/css/anylinkcssmenu.css,1,1729
2015-08-11 16:00:00,/index.html,2,0
2015-08-11 17:00:00,/index.html,2,0
2015-08-11 17:00:00,/about.html,1,2920
2015-08-11 17:00:00,/xmlrpc.php,1,0
2015-08-11 18:00:00,/about-cocopeat.html,1,9271
2015-08-11 18:00:00,/css/reset.css,1,331
2015-08-11 18:00:00,/css/anylinkcssmenu.css,1,1729
2015-08-11 18:00:00,/images/logo.png,1,9922
2015-08-11 18:00:00,/css/style.css,1,2730
2015-08-11 18:00:00,/scripts/anylinkcssmenu.js,1,12134
2015-08-11 18:00:00,/images/promo.png,1,27399
2015-08-11 18:00:00,/images/top-shade.png,1,4808
2015-08-11 18:00:00,/images/what-is-cocopeat.jpg,1,92982
2015-08-11 18:00:00,/images/bullet.jpg,1,22755
2015-08-11 18:00:00,/images/bottom-shade.png,1,5225
2015-08-11 18:00:00,/images/slide1.jpg,1,136947
2015-08-11 20:00:00,/index.html,3,16739
2015-08-11 20:00:00,/blog/xmlrpc.php,1,0
2015-08-11 20:00:00,/robots.txt,1,0
2015-08-11 21:00:00,/index.html,1,5060
2015-08-11 22:00:00,/index.html,1,5041
2015-08-11 22:00:00,/css/reset.css,1,331
2015-08-11 22:00:00,/css/style.css,1,2730
2015-08-11 22:00:00,/css/anylinkcssmenu.css,1,1729
2015-08-11 22:00:00,/images/logo.png,1,9922
2015-08-11 22:00:00,/scripts/anylinkcssmenu.js,1,12134
2015-08-11 22:00:00,/images/cocopeat-5kg-compressedcocopeatbales.png,1,46594
2015-08-11 22:00:00,/images/cocopeat-fiber.png,1,16403
2015-08-11 22:00:00,/images/slide1.jpg,1,136947
2015-08-11 22:00:00,/images/curled-coir.png,1,29238
2015-08-11 22:00:00,/scripts/jquery-latest.js,1,253148
2015-08-11 22:00:00,/images/sprout-bullet.png,1,3974
2015-08-11 22:00:00,/images/coir-2-plyr.png,1,33044
2015-08-11 22:00:00,/images/slide5.jpg,1,235000
2015-08-11 22:00:00,/images/cocopeat-fiber-120kgs.png,1,32242
2015-08-11 22:00:00,/images/promo.png,1,27399
2015-08-11 22:00:00,/images/top-shade.png,1,4808
2015-08-11 22:00:00,/images/bullet.jpg,1,22755
2015-08-11 22:00:00,/images/bottom-shade.png,1,5225
2015-08-11 22:00:00,/images/slide3.jpg,1,303703
2015-08-11 22:00:00,/images/img1.png,1,37612
2015-08-11 22:00:00,/images/cocopeat-composed.png,1,53474
2015-08-11 22:00:00,/images/slide4.jpg,1,328564
2015-08-11 22:00:00,/images/slide2.jpg,1,353995
2015-08-11 22:00:00,/images/slide6.jpg,1,492490
2015-08-11 23:00:00,/index.html,3,0
2015-08-12 00:00:00,/index.html,1,16741
2015-08-12 00:00:00,/about-cocopeat.html,2,12870
2015-08-12 00:00:00,/robots.txt,2,3609
2015-08-12 00:00:00,/about.html,2,10434
2015-08-12 01:00:00,/index.html,2,5296
2015-08-12 01:00:00,/css/reset.css,1,331
2015-08-12 01:00:00,/css/anylinkcssmenu.css,1,1729
2015-08-12 01:00:00,/css/style.css,1,2730
2015-08-12 01:00:00,/scripts/anylinkcssmenu.js,1,12134
2015-08-12 01:00:00,/scripts/jquery-latest.js,1,253148
2015-08-12 01:00:00,/images/top-shade.png,1,4808
2015-08-12 01:00:00,/images/slide1.jpg,1,136693
2015-08-12 01:00:00,/images/slide5.jpg,1,0
2015-08-12 01:00:00,/images/slide4.jpg,1,0
2015-08-12 01:00:00,/images/logo.png,1,0
2015-08-12 01:00:00,/images/slide3.jpg,1,0
2015-08-12 01:00:00,/images/slide2.jpg,1,0
2015-08-12 01:00:00,/robots.txt,1,0
2015-08-12 02:00:00,/robots.txt,1,1814
2015-08-12 02:00:00,/about-cocopeat.html,1,9290
2015-08-12 02:00:00,/about.html,1,7514
2015-08-12 04:00:00,/index.html,3,21802
2015-08-12 04:00:00,/about.html,1,2920
2015-08-12 04:00:00,/about-cocopeat.html,1,3580
2015-08-12 06:00:00,/robots.txt,1,0
2015-08-12 06:00:00,/index.html,1,0
2015-08-12 07:00:00,/robots.txt,1,1814
2015-08-12 07:00:00,/index.html,4,15382
2015-08-12 07:00:00,/scripts/anylinkcssmenu.js,2,24268
2015-08-12 07:00:00,/css/reset.css,1,331
2015-08-12 07:00:00,/css/anylinkcssmenu.css,1,1729
2015-08-12 07:00:00,/css/style.css,1,2730
2015-08-12 07:00:00,/scripts/jquery-latest.js,1,253148
2015-08-12 08:00:00,/index.html,2,310
2015-08-12 08:00:00,/robots.txt,1,1814
2015-08-12 09:00:00,/index.html,1,5045
2015-08-12 09:00:00,/css/reset.css,1,331
2015-08-12 09:00:00,/css/anylinkcssmenu.css,1,1729
2015-08-12 09:00:00,/css/style.css,1,2730
2015-08-12 09:00:00,/scripts/anylinkcssmenu.js,1,12134
2015-08-12 09:00:00,/images/logo.png,1,9922
2015-08-12 09:00:00,/images/slide1.jpg,1,136947
2015-08-12 09:00:00,/scripts/jquery-latest.js,1,253148
2015-08-12 09:00:00,/images/slide3.jpg,1,303703
2015-08-12 09:00:00,/images/cocopeat-5kg-compressedcocopeatbales.png,1,46594
2015-08-12 09:00:00,/images/promo.png,1,27399
2015-08-12 09:00:00,/images/slide5.jpg,1,235000
2015-08-12 09:00:00,/images/slide4.jpg,1,328564
2015-08-12 09:00:00,/images/slide2.jpg,1,353995
2015-08-12 09:00:00,/images/top-shade.png,1,4808
2015-08-12 09:00:00,/images/cocopeat-fiber-120kgs.png,1,32242
2015-08-12 09:00:00,/images/cocopeat-fiber.png,1,16403
2015-08-12 09:00:00,/images/bullet.jpg,1,22755
2015-08-12 09:00:00,/images/curled-coir.png,1,29238
2015-08-12 09:00:00,/images/coir-2-plyr.png,1,33044
2015-08-12 09:00:00,/images/sprout-bullet.png,1,3974
2015-08-12 09:00:00,/images/bottom-shade.png,1,5225
2015-08-12 09:00:00,/images/img1.png,1,37612
2015-08-12 09:00:00,/images/cocopeat-composed.png,1,53474
2015-08-12 09:00:00,/images/slide6.jpg,1,492490
2015-08-12 09:00:00,/favicon.ico,2,3590
2015-08-12 10:00:00,/curled-coir.html,1,255
2015-08-12 10:00:00,/robots.txt,1,1814
2015-08-12 10:00:00,/index.html,3,33477
2015-08-12 15:00:00,/index.html,2,10086
2015-08-12 15:00:00,/css/reset.css,1,331
2015-08-12 15:00:00,/css/anylinkcssmenu.css,1,1729
2015-08-12 15:00:00,/scripts/anylinkcssmenu.js,1,12134
2015-08-12 15:00:00,/css/style.css,1,2730
2015-08-12 15:00:00,/scripts/jquery-latest.js,1,0
2015-08-12 15:00:00,/images/cocopeat-fiber.png,1,16403
2015-08-12 15:00:00,/images/cocopeat-fiber-120kgs.png,1,32242
2015-08-12 15:00:00,/images/curled-coir.png,1,29238
2015-08-12 15:00:00,/images/coir-2-plyr.png,1,33044
2015-08-12 15:00:00,/images/slide1.jpg,1,136947
2015-08-12 15:00:00,/images/logo.png,1,9922
2015-08-12 15:00:00,/images/cocopeat-5kg-compressedcocopeatbales.png,1,46594
2015-08-12 15:00:00,/images/promo.png,1,27399
2015-08-12 15:00:00,/images/slide2.jpg,1,353995
2015-08-12 15:00:00,/images/slide5.jpg,1,235000
2015-08-12 15:00:00,/images/img1.png,1,37612
2015-08-12 15:00:00,/images/sprout-bullet.png,1,3974
2015-08-12 15:00:00,/images/top-shade.png,1,4808
2015-08-12 15:00:00,/images/bottom-shade.png,1,5225
2015-08-12 15:00:00,/images/cocopeat-composed.png,1,53474
2015-08-12 15:00:00,/images/bullet.jpg,1,22755
2015-08-12 15:00:00,/images/slide3.jpg,1,303703
2015-08-12 15:00:00,/images/slide4.jpg,1,328564
2015-08-12 15:00:00,/images/slide6.jpg,1,492490
2015-08-12 15:00:00,/favicon.ico,2,3590
2015-08-12 15:00:00,/contact.html,1,2887
2015-08-12 15:00:00,/manufacturing.html,1,3251
2015-08-12 16:00:00,/index.html,7,5041
2015-08-12 16:00:00,/css/reset.css,1,331
2015-08-12 16:00:00,/css/style.css,1,2730
2015-08-12 16:00:00,/css/anylinkcssmenu.css,1,1729
2015-08-12 16:00:00,/scripts/anylinkcssmenu.js,1,12134
2015-08-12 16:00:00,/scripts/jquery-latest.js,1,187612
2015-08-12 17:00:00,/faq.html,1,3130
2015-08-12 17:00:00,/css/reset.css,1,331
2015-08-12 17:00:00,/css/style.css,1,2730
2015-08-12 17:00:00,/css/anylinkcssmenu.css,1,1729
2015-08-12 17:00:00,/scripts/anylinkcssmenu.js,1,12134
2015-08-12 17:00:00,/images/logo.png,1,9922
2015-08-12 17:00:00,/images/top-shade.png,1,4808
2015-08-12 17:00:00,/images/bottom-shade.png,1,5225
2015-08-12 17:00:00,/images/bullet.jpg,1,22755
2015-08-12 17:00:00,/images/slide1.jpg,1,136947
2015-08-12 17:00:00,/images/promo.png,1,27399
2015-08-12 17:00:00,/favicon.ico,1,1795
2015-08-12 17:00:00,/index.html,5,21756
2015-08-12 17:00:00,/robots.txt,1,1795
2015-08-12 18:00:00,/wp-admin/,1,1814
2015-08-12 18:00:00,/test/wp-admin/,1,1814
2015-08-12 18:00:00,/wordpress/wp-admin/,1,1814
2015-08-12 18:00:00,/index.html,1,314
2015-08-12 18:00:00,/blog/wp-admin/,1,1814
2015-08-12 18:00:00,/wp/wp-admin/,1,1814
2015-08-12 18:00:00,/robots.txt,1,1795
2015-08-12 18:00:00,/contact.html,1,236
2015-08-12 18:00:00,/old/wp-admin/,1,1814
2015-08-12 19:00:00,/images/what-is-cocopeat.jpg,1,92982
2015-08-12 19:00:00,/index.html,1,16741
2015-08-12 20:00:00,/index.html,1,16739
2015-08-12 21:00:00,/index.html,1,5045
2015-08-12 21:00:00,/css/style.css,1,2730
2015-08-12 21:00:00,/scripts/anylinkcssmenu.js,1,12134
2015-08-12 21:00:00,/css/reset.css,1,331
2015-08-12 21:00:00,/css/anylinkcssmenu.css,1,1729
2015-08-12 21:00:00,/scripts/jquery-latest.js,1,253148
2015-08-12 21:00:00,/images/logo.png,1,9922
2015-08-12 21:00:00,/images/slide1.jpg,1,136947
2015-08-12 21:00:00,/images/cocopeat-5kg-compressedcocopeatbales.png,1,46594
2015-08-12 21:00:00,/images/cocopeat-fiber.png,1,16403
2015-08-12 21:00:00,/images/slide5.jpg,1,235000
2015-08-12 21:00:00,/images/cocopeat-fiber-120kgs.png,1,32242
2015-08-12 21:00:00,/images/curled-coir.png,1,29238
2015-08-12 21:00:00,/images/coir-2-plyr.png,1,33044
2015-08-12 21:00:00,/images/slide4.jpg,1,328564
2015-08-12 21:00:00,/images/slide2.jpg,1,353995
2015-08-12 21:00:00,/images/sprout-bullet.png,1,3974
2015-08-12 21:00:00,/images/top-shade.png,1,4808
2015-08-12 21:00:00,/images/cocopeat-composed.png,1,53474
2015-08-12 21:00:00,/images/promo.png,1,27399
2015-08-12 21:00:00,/images/bullet.jpg,1,22755
2015-08-12 21:00:00,/images/bottom-shade.png,1,5225
2015-08-12 21:00:00,/images/img1.png,1,37612
2015-08-12 21:00:00,/images/slide3.jpg,1,303703
2015-08-12 21:00:00,/images/slide6.jpg,1,492490
2015-08-12 21:00:00,/favicon.ico,2,3590
2015-08-12 21:00:00,/contact.html,1,2887
2015-08-12 21:00:00,/manufacturing.html,1,3251
2015-08-13 00:00:00,/contact.html,1,2906
2015-08-13 02:00:00,/index.html,2,10086
2015-08-13 02:00:00,/css/style.css,2,5460
2015-08-13 02:00:00,/css/reset.css,2,662
2015-08-13 02:00:00,/css/anylinkcssmenu.css,2,3458
2015-08-13 02:00:00,/scripts/anylinkcssmenu.js,2,24268
2015-08-13 02:00:00,/scripts/jquery-latest.js,2,440760
2015-08-13 03:00:00,/robots.txt,2,3609
2015-08-13 03:00:00,/curled-coir.html,1,2437
2015-08-13 03:00:00,/index.html,1,5045
2015-08-13 03:00:00,/css/anylinkcssmenu.css,1,1729
2015-08-13 03:00:00,/css/style.css,1,2730
2015-08-13 03:00:00,/css/reset.css,1,331
2015-08-13 04:00:00,/index.html,2,0
2015-08-13 05:00:00,/index.html,1,5064
2015-08-13 05:00:00,/css/reset.css,1,331
2015-08-13 05:00:00,/css/anylinkcssmenu.css,1,1729
2015-08-13 05:00:00,/css/style.css,1,2730
2015-08-13 05:00:00,/scripts/jquery-latest.js,1,253148
2015-08-13 06:00:00,/images/cocopeat-fiber.png,1,16422
2015-08-13 06:00:00,/robots.txt,1,1795
2015-08-13 06:00:00,/index.html,1,5041
2015-08-13 07:00:00,/index.html,1,5045
2015-08-13 07:00:00,/coconut-fiber-50kgs.html,1,237
2015-08-13 09:00:00,/index.html,1,0
2015-08-13 10:00:00,/robots.txt,1,1795
2015-08-13 10:00:00,/index.html,3,5041
2015-08-13 11:00:00,/robots.txt,3,5404
2015-08-13 11:00:00,/index.html,4,21775
2015-08-13 11:00:00,/css/reset.css,1,331
2015-08-13 11:00:00,/css/anylinkcssmenu.css,1,1729
2015-08-13 11:00:00,/css/style.css,1,2730
2015-08-13 11:00:00,/scripts/jquery-latest.js,1,253148
2015-08-13 12:00:00,/index.html,3,0
2015-08-13 12:00:00,/scripts/anylinkcssmenu.js,1,12134
2015-08-13 13:00:00,/index.html,2,21786
2015-08-13 13:00:00,/css/reset.css,1,331
2015-08-13 13:00:00,/css/anylinkcssmenu.css,1,1729
2015-08-13 13:00:00,/scripts/anylinkcssmenu.js,1,12134
2015-08-13 13:00:00,/css/style.css,1,2730
2015-08-13 14:00:00,/scripts/jquery-latest.js,1,253148
2015-08-13 14:00:00,/index.html,2,10101
2015-08-13 14:00:00,/css/reset.css,1,331
2015-08-13 14:00:00,/css/style.css,1,2730
2015-08-13 16:00:00,/index.html,5,33449
2015-08-13 16:00:00,/scripts/anylinkcssmenu.js,2,0
2015-08-13 16:00:00,/scripts/jquery-latest.js,1,0
2015-08-13 17:00:00,/index.html,2,5355
2015-08-13 17:00:00,/scripts/anylinkcssmenu.js,1,12134
2015-08-13 17:00:00,/css/anylinkcssmenu.css,1,1729
2015-08-13 17:00:00,/scripts/jquery-latest.js,1,253148
2015-08-13 17:00:00,/robots.txt,1,0
2015-08-13 18:00:00,/css/reset.css,1,331
2015-08-13 18:00:00,/robots.txt,1,1814
2015-08-13 18:00:00,/index.html,2,21794
2015-08-13 19:00:00,/robots.txt,2,3628
2015-08-13 19:00:00,/about-cocopeat.html,1,9290
2015-08-13 19:00:00,/index.html,1,16679
2015-08-13 21:00:00,/index.html,1,5064
2015-08-13 21:00:00,/css/reset.css,1,331
2015-08-13 21:00:00,/css/anylinkcssmenu.css,1,1729
2015-08-13 21:00:00,/css/style.css,1,2730
2015-08-13 21:00:00,/scripts/jquery-latest.js,1,253148
2015-08-13 22:00:00,/curled-coir.html,1,255
2015-08-13 22:00:00,/robots.txt,1,1795
2015-08-13 23:00:00,/readme.md,1,0
2015-08-14 00:00:00,/index.html,1,5041
2015-08-14 00:00:00,/css/reset.css,1,331
2015-08-14 00:00:00,/css/anylinkcssmenu.css,1,1729
2015-08-14 00:00:00,/css/style.css,1,2730
2015-08-14 00:00:00,/scripts/anylinkcssmenu.js,1,12134
2015-08-14 00:00:00,/scripts/jquery-latest.js,1,253148
2015-08-14 01:00:00,/about.html,1,2939
2015-08-14 01:00:00,/images/slide1.jpg,1,136966
2015-08-14 02:00:00,/index.html,2,10105
2015-08-14 02:00:00,/robots.txt,1,1795
2015-08-14 03:00:00,/index.html,1,5041
2015-08-14 04:00:00,/robots.txt,1,0
2015-08-14 05:00:00,/index.html,1,16739
2015-08-14 06:00:00,/robots.txt,1,1795
2015-08-14 06:00:00,/cocopeat-composed.html,1,2220
2015-08-14 07:00:00,/index.html,1,5041
2015-08-14 07:00:00,/css/reset.css,1,331
2015-08-14 07:00:00,/css/anylinkcssmenu.css,1,1729
2015-08-14 07:00:00,/css/style.css,1,2730
2015-08-14 07:00:00,/scripts/anylinkcssmenu.js,1,12134
2015-08-14 07:00:00,/scripts/jquery-latest.js,1,253148
2015-08-14 08:00:00,/index.html,3,26846
2015-08-14 11:00:00,/robots.txt,1,1795
2015-08-14 12:00:00,/index.html,1,0
2015-08-14 12:00:00,/coconut-fiber-120kgs.html,1,237
2015-08-14 13:00:00,/index.html,1,5064
2015-08-14 16:00:00,/images/coir-2-plyr.png,1,33044
2015-08-14 17:00:00,/robots.txt,1,1814
2015-08-14 17:00:00,/index.html,1,16738
2015-08-14 19:00:00,/robots.txt,1,1795
2015-08-14 20:00:00,/index.html,1,16739
2015-08-14 21:00:00,/images/promo.png,1,0
2015-08-14 22:00:00,/about.html,1,2920
2015-08-14 22:00:00,/faq.html,1,236
2015-08-14 23:00:00,/scripts/anylinkcssmenu.js,1,12134
2015-08-15 01:00:00,/index.html,2,10086
2015-08-15 01:00:00,/css/reset.css,1,331
2015-08-15 01:00:00,/css/anylinkcssmenu.css,1,1729
2015-08-15 01:00:00,/css/style.css,1,2730
2015-08-15 01:00:00,/scripts/anylinkcssmenu.js,1,12134
2015-08-15 01:00:00,/scripts/jquery-latest.js,1,253148
2015-08-15 01:00:00,/images/top-shade.png,1,4808
2015-08-15 01:00:00,/images/logo.png,1,9922
2015-08-15 01:00:00,/images/slide3.jpg,1,0
2015-08-15 01:00:00,/images/slide1.jpg,1,71411
2015-08-15 01:00:00,/images/slide6.jpg,1,0
2015-08-15 01:00:00,/images/slide4.jpg,1,0
2015-08-15 01:00:00,/images/slide5.jpg,1,0
2015-08-15 01:00:00,/images/slide2.jpg,1,0
2015-08-15 01:00:00,/robots.txt,1,0
2015-08-15 14:00:00,/robots.txt,1,1795
2015-08-15 16:00:00,/index.html,2,0
2015-08-15 17:00:00,/index.html,1,5041
2015-08-15 20:00:00,/index.html,1,16739
2015-08-15 21:00:00,/index.html,2,21780
2015-08-15 21:00:00,/css/reset.css,1,331
2015-08-15 21:00:00,/css/anylinkcssmenu.css,1,1729
2015-08-15 21:00:00,/css/style.css,1,2730
2015-08-15 21:00:00,/scripts/anylinkcssmenu.js,1,12134
2015-08-15 21:00:00,/scripts/jquery-latest.js,1,253148
2015-08-15 22:00:00,/index.html,1,16741
2015-08-15 23:00:00,/about.html,1,2920
2015-08-15 23:00:00,/curled_coir.html,1,1795
2015-08-15 23:00:00,/index.html,1,4986
2015-08-15 23:00:00,/edit/default_image.aspx,1,846
2015-08-16 00:00:00,/about-cocopeat.html,1,3599
2015-08-16 00:00:00,/robots.txt,1,1795
2015-08-16 00:00:00,/quality.html,1,1795
2015-08-16 03:00:00,/css/anylinkcssmenu.css,1,1748
2015-08-16 03:00:00,/edit/default_image.asp,1,0
2015-08-16 07:00:00,/admin/edit/default_image.aspx,1,0
2015-08-16 09:00:00,/index.html,2,21739
2015-08-16 09:00:00,/robots.txt,2,3628
2015-08-16 09:00:00,/about-cocopeat.html,1,9290
2015-08-16 10:00:00,/index.html,2,10090
2015-08-16 10:00:00,/scripts/anylinkcssmenu.js,2,24268
2015-08-16 10:00:00,/scripts/jquery-latest.js,2,253148
2015-08-16 11:00:00,/index.html,2,10086
2015-08-16 11:00:00,/css/reset.css,1,331
2015-08-16 11:00:00,/css/anylinkcssmenu.css,1,1729
2015-08-16 11:00:00,/css/style.css,1,2730
2015-08-16 11:00:00,/scripts/anylinkcssmenu.js,1,12134
2015-08-16 11:00:00,/scripts/jquery-latest.js,1,253148
2015-08-16 11:00:00,/images/logo.png,1,9922
2015-08-16 11:00:00,/images/top-shade.png,1,4808
2015-08-16 11:00:00,/images/slide3.jpg,1,0
2015-08-16 11:00:00,/images/slide4.jpg,1,0
2015-08-16 11:00:00,/images/slide1.jpg,1,136693
2015-08-16 11:00:00,/images/slide5.jpg,1,0
2015-08-16 11:00:00,/images/slide2.jpg,1,0
2015-08-16 11:00:00,/images/slide6.jpg,1,0
2015-08-16 12:00:00,/admin/edit/default_image.asp,1,0
2015-08-16 12:00:00,/robots.txt,1,1795
2015-08-16 12:00:00,/uses1.html,1,1795
2015-08-16 13:00:00,/index.html,1,16719
2015-08-16 16:00:00,/index.html,2,21782
2015-08-16 16:00:00,/admin/default_image.asp,1,0
2015-08-16 18:00:00,/index.html,1,0
2015-08-16 20:00:00,/index.html,3,26825
2015-08-16 20:00:00,/robots.txt,1,1795
2015-08-16 21:00:00,/admin/default_image.aspx,1,846
2015-08-16 21:00:00,/manufacturing.html,1,3251
2015-08-16 22:00:00,/css/reset.css,1,350
2015-08-16 23:00:00,/index.html,1,0
2015-08-17 00:00:00,/whypith.html,1,1795
2015-08-17 01:00:00,/admin/editor/default_image.asp,1,0
2015-08-17 02:00:00,/compressed-cocopeat-bales.html,1,2392
2015-08-17 02:00:00,/css/reset.css,1,331
2015-08-17 02:00:00,/css/style.css,1,2730
2015-08-17 02:00:00,/css/anylinkcssmenu.css,1,1729
2015-08-17 02:00:00,/scripts/anylinkcssmenu.js,1,12134
2015-08-17 02:00:00,/images/logo.png,1,9922
2015-08-17 02:00:00,/images/bullet.jpg,2,22755
2015-08-17 02:00:00,/images/promo.png,1,27399
2015-08-17 02:00:00,/images/bottom-shade.png,1,5225
2015-08-17 02:00:00,/images/slide1.jpg,1,136947
2015-08-17 02:00:00,/images/top-shade.png,1,4808
2015-08-17 02:00:00,/images/cocopeat-5kg-compressedcocopeatbales-large.png,1,447394
2015-08-17 02:00:00,/favicon.ico,2,3590
2015-08-17 02:00:00,/index.html,1,352
2015-08-17 04:00:00,/robots.txt,3,3609
2015-08-17 04:00:00,/index.html,3,21779
2015-08-17 04:00:00,/css/style.css,1,2730
2015-08-17 04:00:00,/css/anylinkcssmenu.css,1,1729
2015-08-17 04:00:00,/scripts/anylinkcssmenu.js,1,12134
2015-08-17 04:00:00,/css/reset.css,1,331
2015-08-17 05:00:00,/admin/editor/default_image.aspx,1,846
2015-08-17 06:00:00,/robots.txt,2,3628
2015-08-17 06:00:00,/about-cocopeat.html,1,9290
2015-08-17 06:00:00,/index.html,1,16679
2015-08-17 07:00:00,/index.html,1,5045
2015-08-17 09:00:00,/index.html,2,21802
2015-08-17 10:00:00,/assetmanager/assetmanager.asp,1,0
2015-08-17 10:00:00,/robots.txt,1,1814
2015-08-17 10:00:00,/coconut-fiber.html,1,1814
2015-08-17 10:00:00,/index.html,1,16741
2015-08-17 11:00:00,/robots.txt,1,1814
2015-08-17 11:00:00,/about.html,1,7514
2015-08-17 12:00:00,/fckeditor/editor/filemanager/connectors/php/upload.php,1,1814
2015-08-17 12:00:00,/fckeditor/editor/filemanager/connectors/php/upload.phpindex.php,1,1814
2015-08-17 13:00:00,/index.html,1,314
2015-08-17 14:00:00,/images/cocopeat-5kg-compressedcocopeatbales-large.png,1,196608
2015-08-17 14:00:00,/css/reset.css,2,662
2015-08-17 14:00:00,/css/anylinkcssmenu.css,2,3458
2015-08-17 14:00:00,/images/bottom-shade.png,2,10450
2015-08-17 14:00:00,/about.html,2,14990
2015-08-17 14:00:00,/css/style.css,2,5460
2015-08-17 14:00:00,/scripts/anylinkcssmenu.js,2,24268
2015-08-17 14:00:00,/images/top-shade.png,2,9616
2015-08-17 14:00:00,/images/logo.png,2,19844
2015-08-17 14:00:00,/images/bullet.jpg,2,45510
2015-08-17 14:00:00,/images/promo.png,2,54798
2015-08-17 14:00:00,/images/slide1.jpg,2,273894
2015-08-17 14:00:00,/favicon.ico,1,1795
2015-08-17 14:00:00,/assetmanager/assetmanager.aspx,1,0
2015-08-17 14:00:00,/index.html,1,16739
2015-08-17 15:00:00,/robots.txt,2,3609
2015-08-17 15:00:00,/uses3.html,1,1814
2015-08-17 15:00:00,/manufacturing.html,1,3251
2015-08-17 17:00:00,/robots.txt,1,1795
2015-08-17 17:00:00,/index.html,1,5045
2015-08-17 18:00:00,/robots.txt,1,1814
2015-08-17 18:00:00,/curled_coir.html,1,1814
2015-08-17 18:00:00,/admin/assetmanager/assetmanager.asp,1,0
2015-08-17 18:00:00,/index.html,2,10101
2015-08-17 18:00:00,/css/reset.css,1,331
2015-08-17 18:00:00,/css/anylinkcssmenu.css,1,1729
2015-08-17 18:00:00,/css/style.css,1,2730
2015-08-17 18:00:00,/scripts/anylinkcssmenu.js,1,12134
2015-08-17 18:00:00,/scripts/jquery-latest.js,1,253148
2015-08-17 18:00:00,/images/slide2.jpg,1,0
2015-08-17 18:00:00,/images/top-shade.png,1,0
2015-08-17 18:00:00,/images/slide1.jpg,1,136693
2015-08-17 18:00:00,/images/slide3.jpg,1,0
2015-08-17 18:00:00,/images/logo.png,1,0
2015-08-17 19:00:00,/index.html,2,10069
2015-08-17 20:00:00,/index.html,1,16739
2015-08-17 21:00:00,/admin/assetmanager/assetmanager.aspx,1,846
2015-08-17 22:00:00,/robots.txt,1,1814
2015-08-17 22:00:00,/coconut-fiber.html,1,1814
2015-08-17 22:00:00,/index.html,1,4986
2015-08-17 22:00:00,/css/reset.css,1,331
2015-08-17 22:00:00,/css/anylinkcssmenu.css,1,1729
2015-08-17 22:00:00,/css/style.css,1,2730
2015-08-17 22:00:00,/scripts/anylinkcssmenu.js,1,12134
2015-08-17 22:00:00,/scripts/jquery-latest.js,1,253148
2015-08-17 22:00:00,/images/logo.png,1,9922
2015-08-17 22:00:00,/images/cocopeat-fiber-120kgs.png,1,32242
2015-08-17 22:00:00,/images/sprout-bullet.png,1,3974
2015-08-17 22:00:00,/images/top-shade.png,1,4808
2015-08-17 22:00:00,/images/slide1.jpg,1,136947
2015-08-17 22:00:00,/images/slide5.jpg,1,235000
2015-08-17 22:00:00,/images/slide3.jpg,1,303703
2015-08-17 22:00:00,/images/cocopeat-5kg-compressedcocopeatbales.png,1,0
2015-08-17 22:00:00,/images/slide4.jpg,1,263028
2015-08-17 22:00:00,/images/slide2.jpg,1,353995
2015-08-17 22:00:00,/cocopeat-composed.html,1,2220
2015-08-17 22:00:00,/images/bottom-shade.png,1,5225
2015-08-17 22:00:00,/images/promo.png,1,27399
2015-08-17 22:00:00,/images/bullet.jpg,1,22755
2015-08-17 22:00:00,/images/cocopeat-composed-large.png,1,495817
2015-08-17 22:00:00,/coir-yarn.html,1,2241
2015-08-17 22:00:00,/images/coir-2-plyr-large.png,1,65536
2015-08-17 22:00:00,/contact.html,2,5774
2015-08-18 00:00:00,/robots.txt,14,25130
2015-08-18 00:00:00,/index.html,3,15068
2015-08-18 00:00:00,/scripts/jquery-latest.js,1,253148
2015-08-18 00:00:00,/css/anylinkcssmenu.css,1,1729
2015-08-18 00:00:00,/css/reset.css,1,331
2015-08-18 00:00:00,/scripts/anylinkcssmenu.js,1,12134
2015-08-18 00:00:00,/images/logo.png,1,9922
2015-08-18 00:00:00,/siteenginemanager/components/editor/assetmanager/assetmanager.asp,1,0
2015-08-18 01:00:00,/css/anylinkcssmenu.css,1,1729
2015-08-18 01:00:00,/css/style.css,1,2730
2015-08-18 01:00:00,/images/top-shade.png,1,4808
2015-08-18 01:00:00,/images/bottom-shade.png,1,5225
2015-08-18 01:00:00,/images/bullet.jpg,1,22755
2015-08-18 01:00:00,/images/slide1.jpg,1,136947
2015-08-18 02:00:00,/index.html,1,314
2015-08-18 03:00:00,/css/style.css,1,2730
2015-08-18 03:00:00,/css/anylinkcssmenu.css,1,1729
2015-08-18 03:00:00,/css/reset.css,1,331
2015-08-18 03:00:00,/siteenginemanager/components/editor/assetmanager/assetmanager.aspx,1,169
2015-08-18 04:00:00,/index.html,1,0
2015-08-18 05:00:00,/index.html,2,21782
2015-08-18 05:00:00,/css/reset.css,1,331
2015-08-18 05:00:00,/css/anylinkcssmenu.css,1,1729
2015-08-18 05:00:00,/css/style.css,1,2730
2015-08-18 05:00:00,/scripts/anylinkcssmenu.js,1,12134
2015-08-18 05:00:00,/scripts/jquery-latest.js,1,253148
2015-08-18 05:00:00,/images/top-shade.png,1,4808
2015-08-18 05:00:00,/images/slide4.jpg,1,0
2015-08-18 05:00:00,/images/slide2.jpg,1,0
2015-08-18 05:00:00,/images/slide3.jpg,1,0
2015-08-18 05:00:00,/images/slide1.jpg,1,136693
2015-08-18 05:00:00,/images/logo.png,1,0
2015-08-18 05:00:00,/images/slide5.jpg,1,0
2015-08-18 06:00:00,/robots.txt,2,1795
2015-08-18 06:00:00,/index.html,2,10105
2015-08-18 06:00:00,/admin/siteenginemanager/components/editor/assetmanager/assetmanager.asp,1,0
2015-08-18 06:00:00,/css/style.css,2,5460
2015-08-18 06:00:00,/css/anylinkcssmenu.css,1,1729
2015-08-18 06:00:00,/css/reset.css,1,331
2015-08-18 06:00:00,/images/sprout-bullet.png,2,7986
2015-08-18 07:00:00,/index.html,1,5045
2015-08-18 08:00:00,/images/coir-2-plyr.png,1,33044
2015-08-18 08:00:00,/admin/siteenginemanager/components/editor/assetmanager/assetmanager.aspx,1,0
2015-08-18 09:00:00,/contact.html,1,2887
2015-08-18 09:00:00,/about.html,1,2920
2015-08-18 09:00:00,/curled_coir.html,1,1795
2015-08-18 09:00:00,/index.html,1,4986
2015-08-18 09:00:00,/robots.txt,1,0
2015-08-18 09:00:00,/wp-login.php,1,1795
2015-08-18 09:00:00,/blog/wp-login.php,1,1795
2015-08-18 09:00:00,/wordpress/wp-login.php,1,1795
2015-08-18 09:00:00,/wp/wp-login.php,1,1795
2015-08-18 10:00:00,/install/,1,1795
2015-08-18 11:00:00,/editor/assetmanager/assetmanager.asp,1,0
2015-08-18 11:00:00,/about.html,1,2920
2015-08-18 11:00:00,/css/style.css,2,5460
2015-08-18 11:00:00,/css/anylinkcssmenu.css,2,3458
2015-08-18 11:00:00,/css/reset.css,2,662
2015-08-18 11:00:00,/images/logo.png,2,19844
2015-08-18 11:00:00,/scripts/anylinkcssmenu.js,2,24268
2015-08-18 11:00:00,/images/bottom-shade.png,1,5225
2015-08-18 11:00:00,/images/promo.png,1,27399
2015-08-18 11:00:00,/images/top-shade.png,1,4808
2015-08-18 11:00:00,/images/bullet.jpg,1,22755
2015-08-18 11:00:00,/images/slide1.jpg,2,273894
2015-08-18 11:00:00,/favicon.ico,1,1795
2015-08-18 11:00:00,/contact.html,1,2887
2015-08-18 11:00:00,/index.html,1,5045
2015-08-18 12:00:00,/scripts/jquery-latest.js,2,506296
2015-08-18 12:00:00,/images/slide2.jpg,5,1061985
2015-08-18 12:00:00,/contact.html,3,8661
2015-08-18 12:00:00,/images/cocopeat-5kg-compressedcocopeatbales.png,2,46594
2015-08-18 12:00:00,/images/slide3.jpg,5,1078061
2015-08-18 12:00:00,/images/slide6.jpg,3,689098
2015-08-18 12:00:00,/images/slide4.jpg,2,328564
2015-08-18 12:00:00,/images/sprout-bullet.png,2,7948
2015-08-18 12:00:00,/images/bottom-shade.png,3,15675
2015-08-18 12:00:00,/quality-control.html,2,5738
2015-08-18 12:00:00,/images/img1.png,2,37612
2015-08-18 12:00:00,/favicon.ico,2,3590
2015-08-18 12:00:00,/index.html,2,10031
2015-08-18 12:00:00,/css/reset.css,2,662
2015-08-18 12:00:00,/css/style.css,2,5460
2015-08-18 12:00:00,/css/anylinkcssmenu.css,2,3458
2015-08-18 12:00:00,/scripts/anylinkcssmenu.js,2,24268
2015-08-18 12:00:00,/images/logo.png,2,19844
2015-08-18 12:00:00,/images/cocopeat-fiber.png,1,16403
2015-08-18 12:00:00,/images/promo.png,2,54798
2015-08-18 12:00:00,/images/coir-2-plyr.png,1,33044
2015-08-18 12:00:00,/images/slide1.jpg,2,273894
2015-08-18 12:00:00,/images/cocopeat-fiber-120kgs.png,1,32242
2015-08-18 12:00:00,/images/curled-coir.png,1,29238
2015-08-18 12:00:00,/images/slide5.jpg,1,235000
2015-08-18 12:00:00,/images/top-shade.png,2,9616
2015-08-18 12:00:00,/images/cocopeat-composed.png,1,53474
2015-08-18 12:00:00,/images/bullet.jpg,2,45510
2015-08-18 12:00:00,/robots.txt,2,3609
2015-08-18 12:00:00,/production3.html,1,1814
2015-08-18 13:00:00,/aboutus.html,1,1795
2015-08-18 14:00:00,/index.html,1,16738
2015-08-18 14:00:00,/editor/assetmanager/assetmanager.aspx,1,846
2015-08-18 15:00:00,/robots.txt,1,1795
2015-08-18 15:00:00,/aboutus.html,1,1795
2015-08-18 17:00:00,/index.html,1,5041
2015-08-18 17:00:00,/css/reset.css,1,331
2015-08-18 17:00:00,/scripts/jquery-latest.js,1,253148
2015-08-18 18:00:00,/admin/editor/assetmanager/assetmanager.asp,1,0
2015-08-18 20:00:00,/index.html,2,21780
2015-08-18 20:00:00,/robots.txt,1,1814
2015-08-18 20:00:00,/products650gm.html,1,1814
2015-08-18 21:00:00,/admin/editor/assetmanager/assetmanager.aspx,1,846
2015-08-18 21:00:00,/robots.txt,2,3628
2015-08-18 21:00:00,/index.html,2,10069
2015-08-18 21:00:00,/faq.html,1,3149
2015-08-18 21:00:00,/about.html,1,2939
2015-08-18 21:00:00,/contact.html,1,2906
2015-08-18 21:00:00,/coir-yarn.html,1,2260
2015-08-18 21:00:00,/curled-coir.html,1,2456
2015-08-18 21:00:00,/manufacturing.html,1,3270
2015-08-18 21:00:00,/about-cocopeat.html,1,3599
2015-08-18 21:00:00,/quality-control.html,1,2888
2015-08-18 21:00:00,/cocopeat-composed.html,1,2239
2015-08-18 21:00:00,/coconut-fiber-50kgs.html,1,2333
2015-08-18 21:00:00,/coconut-fiber-120kgs.html,1,2329
2015-08-18 21:00:00,/compressed-cocopeat-bales.html,1,2411
2015-08-18 21:00:00,/coconut-fiber.html,1,1814
2015-08-18 23:00:00,/index.html,1,5045
2015-08-19 00:00:00,/index.html,1,16741
2015-08-19 00:00:00,/install/,1,1795
2015-08-19 01:00:00,/administrator/editor/assetmanager/assetmanager.asp,1,0
2015-08-19 03:00:00,/curled-coir.html,1,2456
2015-08-19 04:00:00,/coir-yarn.html,1,2241
2015-08-19 04:00:00,/administrator/siteenginemanager/components/editor/assetmanager/assetmanager.asp,1,0
2015-08-19 05:00:00,/index.html,2,5041
2015-08-19 05:00:00,/manufacturing.html,1,3251
2015-08-19 05:00:00,/css/reset.css,1,331
2015-08-19 05:00:00,/css/anylinkcssmenu.css,1,1729
2015-08-19 05:00:00,/css/style.css,1,2730
2015-08-19 05:00:00,/scripts/anylinkcssmenu.js,1,12134
2015-08-19 06:00:00,/scripts/jquery-latest.js,1,0
2015-08-19 07:00:00,/index.html,1,16739
2015-08-19 07:00:00,/css/style.css,1,2749
2015-08-19 07:00:00,/robots.txt,1,1795
2015-08-19 07:00:00,/manufacturing.html,1,3251
2015-08-19 08:00:00,/admin/assetmanager/default.asp,1,0
2015-08-19 08:00:00,/index.html,2,21780
2015-08-19 09:00:00,/index.html,1,5041
2015-08-19 09:00:00,/css/reset.css,1,331
2015-08-19 09:00:00,/css/anylinkcssmenu.css,1,1729
2015-08-19 09:00:00,/css/style.css,1,2730
2015-08-19 09:00:00,/scripts/jquery-latest.js,1,0
2015-08-19 09:00:00,/scripts/anylinkcssmenu.js,1,0
2015-08-19 12:00:00,/editor/assetmanager/assetmanager.asp,1,0
2015-08-19 12:00:00,/robots.txt,1,1795
2015-08-19 12:00:00,/faq.html,1,3130
2015-08-19 12:00:00,/about.html,1,2920
2015-08-19 12:00:00,/css/reset.css,1,331
2015-08-19 12:00:00,/css/anylinkcssmenu.css,1,1729
2015-08-19 12:00:00,/css/style.css,1,2730
2015-08-19 12:00:00,/scripts/anylinkcssmenu.js,1,12134
2015-08-19 12:00:00,/images/logo.png,1,9922
2015-08-19 12:00:00,/images/promo.png,1,27399
2015-08-19 12:00:00,/images/slide1.jpg,1,136947
2015-08-19 12:00:00,/images/bullet.jpg,1,22755
2015-08-19 12:00:00,/images/top-shade.png,1,4808
2015-08-19 12:00:00,/images/bottom-shade.png,1,5225
2015-08-19 12:00:00,/favicon.ico,2,3590
2015-08-19 12:00:00,/index.html,1,4986
2015-08-19 12:00:00,/scripts/jquery-latest.js,1,253148
2015-08-19 12:00:00,/images/cocopeat-composed.png,1,53474
2015-08-19 12:00:00,/images/sprout-bullet.png,1,3974
2015-08-19 12:00:00,/images/img1.png,1,37612
2015-08-19 12:00:00,/images/cocopeat-fiber-120kgs.png,1,32242
2015-08-19 12:00:00,/images/cocopeat-fiber.png,1,16403
2015-08-19 12:00:00,/images/curled-coir.png,1,29238
2015-08-19 12:00:00,/images/coir-2-plyr.png,1,33044
2015-08-19 12:00:00,/images/cocopeat-5kg-compressedcocopeatbales.png,1,46594
2015-08-19 12:00:00,/images/slide5.jpg,1,235000
2015-08-19 12:00:00,/images/slide3.jpg,1,303703
2015-08-19 12:00:00,/images/slide2.jpg,1,353995
2015-08-19 12:00:00,/images/slide4.jpg,1,328564
2015-08-19 12:00:00,/images/slide6.jpg,1,492490
2015-08-19 13:00:00,/index.html,1,5041
2015-08-19 13:00:00,/css/reset.css,1,331
2015-08-19 13:00:00,/css/anylinkcssmenu.css,1,1729
2015-08-19 13:00:00,/css/style.css,1,2730
2015-08-19 13:00:00,/scripts/anylinkcssmenu.js,1,12134
2015-08-19 13:00:00,/scripts/jquery-latest.js,1,253148
2015-08-19 14:00:00,/message_for_oss.pdf,1,1795
2015-08-19 14:00:00,/coconut-fiber.html,1,1795
2015-08-19 15:00:00,/index.html,1,4986
2015-08-19 15:00:00,/ofrzeditor/assetmanager/assetmanager.asp,1,0
2015-08-19 16:00:00,/about-cocopeat.html,1,3580
2015-08-19 16:00:00,/css/reset.css,1,331
2015-08-19 16:00:00,/css/anylinkcssmenu.css,1,1729
2015-08-19 16:00:00,/css/style.css,1,2730
2015-08-19 16:00:00,/images/logo.png,1,9922
2015-08-19 16:00:00,/scripts/anylinkcssmenu.js,2,24287
2015-08-19 16:00:00,/images/top-shade.png,1,4808
2015-08-19 16:00:00,/images/bottom-shade.png,1,5225
2015-08-19 16:00:00,/images/promo.png,1,27399
2015-08-19 16:00:00,/images/bullet.jpg,1,22755
2015-08-19 16:00:00,/images/what-is-cocopeat.jpg,1,92982
2015-08-19 16:00:00,/images/slide1.jpg,1,136947
2015-08-19 16:00:00,/favicon.ico,1,1795
2015-08-19 16:00:00,/index.html,1,16734
2015-08-19 16:00:00,/scripts/jquery-latest.js,1,253167
2015-08-19 17:00:00,/robots.txt,2,3628
2015-08-19 17:00:00,/index.html,2,624
2015-08-19 18:00:00,/images/cocopeat-composed-large.png,1,495817
2015-08-19 18:00:00,/index.html,1,16741
2015-08-19 19:00:00,/robots.txt,2,3628
2015-08-19 19:00:00,/about.html,1,7514
2015-08-19 19:00:00,/faq.html,1,8253
2015-08-19 20:00:00,/index.html,2,21780
2015-08-19 20:00:00,/css/reset.css,1,331
2015-08-19 20:00:00,/css/anylinkcssmenu.css,1,1729
2015-08-19 20:00:00,/css/style.css,1,2730
2015-08-19 20:00:00,/scripts/anylinkcssmenu.js,1,12134
2015-08-19 20:00:00,/scripts/jquery-latest.js,1,253148
2015-08-19 20:00:00,/images/top-shade.png,1,4808
2015-08-19 20:00:00,/images/logo.png,1,9922
2015-08-19 20:00:00,/images/slide2.jpg,1,65536
2015-08-19 20:00:00,/images/slide6.jpg,1,65536
2015-08-19 20:00:00,/images/slide1.jpg,1,71411
2015-08-19 20:00:00,/images/slide4.jpg,1,131072
2015-08-19 20:00:00,/images/slide3.jpg,1,303703
2015-08-19 20:00:00,/images/slide5.jpg,1,169464
2015-08-19 21:00:00,/index.html,1,5064
2015-08-19 21:00:00,/css/anylinkcssmenu.css,1,1729
2015-08-19 21:00:00,/scripts/anylinkcssmenu.js,1,0
2015-08-19 21:00:00,/shop/install/templates/main_page/stylesheet.css,1,1795
2015-08-19 21:00:00,/catalog/install/templates/main_page/stylesheet.css,1,1795
2015-08-19 22:00:00,/install/templates/main_page/stylesheet.css,1,1795
2015-08-19 22:00:00,/robots.txt,1,1795
2015-08-19 22:00:00,/index.html,1,5045
2015-08-19 23:00:00,/index.html,1,16734
2015-08-20 03:00:00,/whypith.html,1,1795
2015-08-20 03:00:00,/index.html,1,5041
2015-08-20 03:00:00,/css/reset.css,1,331
2015-08-20 03:00:00,/css/anylinkcssmenu.css,1,1729
2015-08-20 03:00:00,/css/style.css,1,2730
2015-08-20 03:00:00,/scripts/anylinkcssmenu.js,1,12134
2015-08-20 03:00:00,/scripts/jquery-latest.js,1,253148
2015-08-20 03:00:00,/images/top-shade.png,1,4808
2015-08-20 03:00:00,/images/logo.png,1,9922
2015-08-20 03:00:00,/images/slide1.jpg,1,136947
2015-08-20 03:00:00,/images/slide4.jpg,1,328564
2015-08-20 03:00:00,/images/cocopeat-5kg-compressedcocopeatbales.png,1,0
2015-08-20 03:00:00,/images/slide2.jpg,1,131072
2015-08-20 03:00:00,/images/slide3.jpg,1,303703
2015-08-20 03:00:00,/images/slide5.jpg,1,235000
2015-08-20 03:00:00,/images/slide6.jpg,1,131072
2015-08-20 04:00:00,/index.html,2,5060
2015-08-20 04:00:00,/robots.txt,1,0
2015-08-20 04:00:00,/curled-coir.html,1,2456
2015-08-20 06:00:00,/index.html,2,10090
2015-08-20 06:00:00,/scripts/anylinkcssmenu.js,2,24268
2015-08-20 06:00:00,/scripts/jquery-latest.js,2,253148
2015-08-20 07:00:00,/index.html,1,5041
2015-08-20 07:00:00,/css/reset.css,1,331
2015-08-20 07:00:00,/css/anylinkcssmenu.css,1,1729
2015-08-20 07:00:00,/css/style.css,1,2730
2015-08-20 07:00:00,/scripts/anylinkcssmenu.js,1,12134
2015-08-20 07:00:00,/scripts/jquery-latest.js,1,253148
2015-08-20 08:00:00,/robots.txt,1,1795
2015-08-20 08:00:00,/index.html,1,0
2015-08-20 09:00:00,/robots.txt,2,3590
2015-08-20 09:00:00,/index.html,4,20172
2015-08-20 12:00:00,/images/curled-coir.png,1,29238
2015-08-20 12:00:00,/images/coir-2-plyr.png,1,33044
2015-08-20 12:00:00,/index.html,5,60345
2015-08-20 13:00:00,/index.html,1,4986
2015-08-20 14:00:00,/index.html,1,5041
2015-08-20 14:00:00,/css/reset.css,1,331
2015-08-20 14:00:00,/css/anylinkcssmenu.css,1,1729
2015-08-20 14:00:00,/css/style.css,1,2730
2015-08-20 14:00:00,/scripts/anylinkcssmenu.js,1,0
2015-08-20 14:00:00,/scripts/jquery-latest.js,1,0
2015-08-20 14:00:00,/robots.txt,1,1795
2015-08-20 16:00:00,/about.html,1,2920
2015-08-20 16:00:00,/index.html,4,5041
2015-08-20 16:00:00,/robots.txt,1,1795
2015-08-20 16:00:00,/about-cocopeat.html,1,3580
2015-08-20 16:00:00,/css/reset.css,1,331
2015-08-20 16:00:00,/css/style.css,1,2730
2015-08-20 16:00:00,/scripts/anylinkcssmenu.js,1,12134
2015-08-20 16:00:00,/css/anylinkcssmenu.css,1,1729
2015-08-20 16:00:00,/scripts/jquery-latest.js,1,0
2015-08-20 17:00:00,/robots.txt,1,1795
2015-08-20 18:00:00,/images/cocopeat-fiber-120kgs-large.png,1,310837
2015-08-20 18:00:00,/robots.txt,1,1795
2015-08-20 18:00:00,/about.html,1,2920
2015-08-20 18:00:00,/manufacturing.html,1,3251
2015-08-20 18:00:00,/coconut-fiber-50kgs.html,1,2314
2015-08-20 18:00:00,/about-cocopeat.html,1,3580
2015-08-20 18:00:00,/quality-control.html,1,2869
2015-08-20 19:00:00,/coir-yarn.html,1,2241
2015-08-20 19:00:00,/cocopeat-composed.html,1,2220
2015-08-20 19:00:00,/coconut-fiber-120kgs.html,1,2310
2015-08-20 20:00:00,/index.html,1,16739
2015-08-20 21:00:00,/index.html,2,10101
2015-08-20 21:00:00,/css/reset.css,1,331
2015-08-20 21:00:00,/css/anylinkcssmenu.css,1,1729
2015-08-20 21:00:00,/css/style.css,1,2730
2015-08-20 21:00:00,/scripts/anylinkcssmenu.js,1,12134
2015-08-20 21:00:00,/scripts/jquery-latest.js,1,0
2015-08-20 22:00:00,/robots.txt,1,1795
2015-08-20 22:00:00,/index.html,1,5041
2015-08-20 23:00:00,/curled-coir.html,1,2437
2015-08-21 00:00:00,/index.html,1,16739
2015-08-21 01:00:00,/robots.txt,1,0
2015-08-21 04:00:00,/index.html,1,0
2015-08-21 04:00:00,/robots.txt,1,1795
2015-08-21 04:00:00,/about.html,1,2920
2015-08-21 05:00:00,/index.html,1,5041
2015-08-21 05:00:00,/css/reset.css,1,331
2015-08-21 05:00:00,/css/anylinkcssmenu.css,1,1729
2015-08-21 05:00:00,/css/style.css,1,2730
2015-08-21 05:00:00,/scripts/jquery-latest.js,1,0
2015-08-21 05:00:00,/scripts/anylinkcssmenu.js,1,0
2015-08-21 05:00:00,/compressed-cocopeat-bales.html,1,2392
2015-08-21 07:00:00,/index.html,1,16741
2015-08-21 08:00:00,/robots.txt,2,3590
2015-08-21 08:00:00,/contact.html,1,2887
2015-08-21 08:00:00,/index.html,1,5045
2015-08-21 08:00:00,/curled-coir.html,1,2437
2015-08-21 09:00:00,/index.html,2,10101
2015-08-21 09:00:00,/robots.txt,1,1795
2015-08-21 11:00:00,/index.html,1,5045
2015-08-21 12:00:00,/index.html,2,21783
2015-08-21 12:00:00,/scripts/anylinkcssmenu.js,2,12348
2015-08-21 12:00:00,/css/reset.css,2,545
2015-08-21 12:00:00,/css/anylinkcssmenu.css,2,1943
2015-08-21 12:00:00,/css/style.css,2,2943
2015-08-21 12:00:00,/images/logo.png,3,20058
2015-08-21 12:00:00,/scripts/jquery-latest.js,2,506296
2015-08-21 12:00:00,/images/slide1.jpg,3,274108
2015-08-21 12:00:00,/images/slide5.jpg,1,235000
2015-08-21 12:00:00,/images/slide2.jpg,2,707990
2015-08-21 12:00:00,/images/slide4.jpg,1,328564
2015-08-21 12:00:00,/images/slide3.jpg,1,303703
2015-08-21 12:00:00,/images/cocopeat-5kg-compressedcocopeatbales.png,1,46594
2015-08-21 12:00:00,/images/promo.png,2,27613
2015-08-21 12:00:00,/images/top-shade.png,1,4808
2015-08-21 12:00:00,/images/cocopeat-fiber.png,1,16403
2015-08-21 12:00:00,/images/bullet.jpg,1,22755
2015-08-21 12:00:00,/images/curled-coir.png,1,29238
2015-08-21 12:00:00,/images/cocopeat-fiber-120kgs.png,1,32242
2015-08-21 12:00:00,/images/coir-2-plyr.png,1,33044
2015-08-21 12:00:00,/images/sprout-bullet.png,1,3974
2015-08-21 12:00:00,/images/bottom-shade.png,1,5225
2015-08-21 12:00:00,/images/cocopeat-composed.png,1,53474
2015-08-21 12:00:00,/images/img1.png,1,37612
2015-08-21 12:00:00,/images/slide6.jpg,1,492490
2015-08-21 12:00:00,/favicon.ico,1,1795
2015-08-21 12:00:00,/about-cocopeat.html,1,9271
2015-08-21 12:00:00,/images/what-is-cocopeat.jpg,1,92982
2015-08-21 12:00:00,/quality-control.html,1,7637
2015-08-21 12:00:00,/manufacturing.html,1,8455
2015-08-21 12:00:00,/contact.html,2,17488
2015-08-21 12:00:00,/about.html,1,7495
2015-08-21 12:00:00,/faq.html,2,8448
2015-08-21 13:00:00,/index.html,1,16660
2015-08-21 14:00:00,/css/style.css,1,2730
2015-08-21 14:00:00,/css/reset.css,1,331
2015-08-21 14:00:00,/css/anylinkcssmenu.css,1,1729
2015-08-21 15:00:00,/robots.txt,1,1795
2015-08-21 15:00:00,/index.html,1,4986
2015-08-21 16:00:00,/index.html,1,16734
2015-08-21 16:00:00,/images/cocopeat-composed.png,1,53474
2015-08-21 16:00:00,/scripts/anylinkcssmenu.js,1,12153
2015-08-21 16:00:00,/scripts/jquery-latest.js,1,187631
2015-08-21 17:00:00,/images/cocopeat-fiber-120kgs.png,1,32261
2015-08-21 19:00:00,/compressed-cocopeat-bales.html,3,16763
2015-08-21 19:00:00,/robots.txt,4,7237
2015-08-21 19:00:00,/coconut-fiber-120kgs.html,3,13737
2015-08-21 19:00:00,/index.html,2,16993
2015-08-21 19:00:00,/coconut-fiber-50kgs.html,2,13584
2015-08-21 19:00:00,/cocopeat-composed.html,2,13070
2015-08-21 19:00:00,/coir-yarn.html,2,13090
2015-08-21 19:00:00,/contact.html,2,17526
2015-08-21 19:00:00,/curled-coir.html,2,14856
2015-08-21 19:00:00,/faq.html,2,16506
2015-08-21 19:00:00,/manufacturing.html,2,16948
2015-08-21 19:00:00,/quality-control.html,2,15312
2015-08-21 19:00:00,/about-cocopeat.html,1,9290
2015-08-21 19:00:00,/about.html,1,7514
2015-08-21 20:00:00,/index.html,1,16739
2015-08-21 20:00:00,/robots.txt,1,1795
2015-08-21 20:00:00,/css/reset.css,1,331
2015-08-21 20:00:00,/css/style.css,1,2730
2015-08-21 20:00:00,/css/anylinkcssmenu.css,1,1729
2015-08-21 22:00:00,/index.html,1,314
2015-08-21 22:00:00,/about-cocopeat.html,1,3599
2015-08-21 23:00:00,/index.html,1,5060
2015-08-22 00:00:00,/about.html,1,2920
2015-08-22 00:00:00,/css/reset.css,1,331
2015-08-22 00:00:00,/css/anylinkcssmenu.css,1,1729
2015-08-22 00:00:00,/css/style.css,1,2730
2015-08-22 00:00:00,/scripts/anylinkcssmenu.js,1,12134
2015-08-22 00:00:00,/images/logo.png,1,9922
2015-08-22 00:00:00,/images/top-shade.png,1,4808
2015-08-22 00:00:00,/images/bottom-shade.png,1,5225
2015-08-22 00:00:00,/images/promo.png,1,27399
2015-08-22 00:00:00,/images/bullet.jpg,1,22755
2015-08-22 00:00:00,/images/slide1.jpg,1,136947
2015-08-22 00:00:00,/favicon.ico,1,1795
2015-08-22 00:00:00,/cocopeat-composed.html,1,2220
2015-08-22 00:00:00,/images/cocopeat-composed-large.png,1,495817
2015-08-22 00:00:00,/faq.html,1,3130
2015-08-22 00:00:00,/compressed-cocopeat-bales.html,1,2392
2015-08-22 00:00:00,/images/cocopeat-5kg-compressedcocopeatbales-large.png,1,447394
2015-08-22 00:00:00,/contact.html,1,2887
2015-08-22 02:00:00,/index.html,1,16741
2015-08-22 03:00:00,/index.html,1,5041
2015-08-22 03:00:00,/css/reset.css,1,331
2015-08-22 03:00:00,/css/style.css,1,2730
2015-08-22 03:00:00,/css/anylinkcssmenu.css,1,1729
2015-08-22 03:00:00,/scripts/anylinkcssmenu.js,1,12134
2015-08-22 03:00:00,/scripts/jquery-latest.js,1,253148
2015-08-22 03:00:00,/images/top-shade.png,1,4808
2015-08-22 03:00:00,/images/logo.png,1,9922
2015-08-22 03:00:00,/images/slide4.jpg,1,0
2015-08-22 03:00:00,/images/slide6.jpg,1,0
2015-08-22 03:00:00,/images/slide3.jpg,1,65536
2015-08-22 03:00:00,/images/slide1.jpg,1,136693
2015-08-22 03:00:00,/images/slide2.jpg,1,0
2015-08-22 03:00:00,/images/slide5.jpg,1,0
2015-08-22 09:00:00,/index.html,1,5060
2015-08-22 10:00:00,/index.html,1,310
2015-08-22 10:00:00,/robots.txt,1,1814
2015-08-22 11:00:00,/css/anylinkcssmenu.css,1,1729
2015-08-22 11:00:00,/css/style.css,1,2730
2015-08-22 11:00:00,/about-cocopeat.html,1,3580
2015-08-22 11:00:00,/scripts/anylinkcssmenu.js,1,12134
2015-08-22 11:00:00,/css/reset.css,1,331
2015-08-22 11:00:00,/images/logo.png,1,9922
2015-08-22 11:00:00,/images/top-shade.png,1,4808
2015-08-22 11:00:00,/images/promo.png,1,27399
2015-08-22 11:00:00,/images/bottom-shade.png,1,5225
2015-08-22 11:00:00,/images/what-is-cocopeat.jpg,1,92982
2015-08-22 11:00:00,/images/slide1.jpg,1,136947
2015-08-22 11:00:00,/images/bullet.jpg,1,22755
2015-08-22 11:00:00,/favicon.ico,1,1795
2015-08-22 12:00:00,/images/slide1.jpg,2,273894
2015-08-22 12:00:00,/about-cocopeat.html,1,3580
2015-08-22 12:00:00,/css/anylinkcssmenu.css,2,3458
2015-08-22 12:00:00,/css/style.css,2,5460
2015-08-22 12:00:00,/css/reset.css,2,662
2015-08-22 12:00:00,/images/promo.png,2,54798
2015-08-22 12:00:00,/images/logo.png,2,19844
2015-08-22 12:00:00,/images/top-shade.png,2,9616
2015-08-22 12:00:00,/images/bottom-shade.png,2,10450
2015-08-22 12:00:00,/images/bullet.jpg,2,45510
2015-08-22 12:00:00,/manufacturing.html,1,3251
2015-08-22 12:00:00,/scripts/anylinkcssmenu.js,1,12134
2015-08-22 12:00:00,/contact.html,1,2887
2015-08-22 12:00:00,/faq.html,1,3130
2015-08-22 14:00:00,/index.html,1,4986
2015-08-22 16:00:00,/index.html,1,16739
2015-08-22 17:00:00,/robots.txt,1,1795
2015-08-22 18:00:00,/css/reset.css,1,331
2015-08-22 18:00:00,/css/style.css,1,2730
2015-08-22 18:00:00,/css/anylinkcssmenu.css,1,1729
2015-08-22 18:00:00,/images/top-shade.png,1,4808
2015-08-22 18:00:00,/images/sprout-bullet.png,1,3974
2015-08-22 18:00:00,/images/bottom-shade.png,1,5225
2015-08-22 18:00:00,/images/logo.png,1,9922
2015-08-22 18:00:00,/scripts/anylinkcssmenu.js,1,12134
2015-08-22 18:00:00,/images/cocopeat-fiber.png,1,16403
2015-08-22 18:00:00,/images/bullet.jpg,1,22755
2015-08-22 18:00:00,/index.html,1,16719
2015-08-22 18:00:00,/images/curled-coir.png,1,29238
2015-08-22 18:00:00,/images/cocopeat-fiber-120kgs.png,1,32242
2015-08-22 18:00:00,/images/coir-2-plyr.png,1,33044
2015-08-22 18:00:00,/images/promo.png,1,27399
2015-08-22 18:00:00,/images/img1.png,1,37612
2015-08-22 18:00:00,/images/cocopeat-5kg-compressedcocopeatbales.png,1,46594
2015-08-22 18:00:00,/images/cocopeat-composed.png,1,53474
2015-08-22 18:00:00,/images/slide1.jpg,1,136947
2015-08-22 18:00:00,/images/slide5.jpg,1,235000
2015-08-22 18:00:00,/images/slide4.jpg,1,328564
2015-08-22 18:00:00,/images/slide3.jpg,1,303703
2015-08-22 18:00:00,/images/slide2.jpg,1,353995
2015-08-22 18:00:00,/scripts/jquery-latest.js,1,253148
2015-08-22 18:00:00,/images/slide6.jpg,1,492490
2015-08-22 19:00:00,/index.html,3,38521
2015-08-22 19:00:00,/robots.txt,1,1814
2015-08-22 20:00:00,/index.html,2,33458
2015-08-22 20:00:00,/faq.html,1,8234
2015-08-22 20:00:00,/images/what-is-cocopeat.jpg,1,92982
2015-08-22 21:00:00,/manufacturing.html,1,3251
2015-08-22 21:00:00,/images/top-shade.png,1,4808
2015-08-22 21:00:00,/images/bullet.jpg,1,22755
2015-08-22 21:00:00,/images/bottom-shade.png,1,5225
2015-08-22 21:00:00,/images/promo.png,1,27399
2015-08-22 21:00:00,/images/slide1.jpg,1,136947
2015-08-22 21:00:00,/robots.txt,1,1795
2015-08-22 21:00:00,/production6.html,1,1795
2015-08-22 21:00:00,/index.html,4,43529
2015-08-22 22:00:00,/index.html,1,5041
2015-08-22 22:00:00,/css/reset.css,1,331
2015-08-22 22:00:00,/css/anylinkcssmenu.css,1,1729
2015-08-22 22:00:00,/css/style.css,1,2730
2015-08-22 22:00:00,/scripts/anylinkcssmenu.js,1,12134
2015-08-22 22:00:00,/scripts/jquery-latest.js,1,253148
2015-08-22 23:00:00,/robots.txt,1,1814
2015-08-22 23:00:00,/curled-coir.html,1,7428
2015-08-23 00:00:00,/index.html,1,5041
2015-08-23 00:00:00,/css/reset.css,1,331
2015-08-23 00:00:00,/css/anylinkcssmenu.css,1,1729
2015-08-23 00:00:00,/css/style.css,1,2730
2015-08-23 00:00:00,/scripts/anylinkcssmenu.js,1,12134
2015-08-23 00:00:00,/scripts/jquery-latest.js,1,253148
2015-08-23 00:00:00,/images/top-shade.png,1,4808
2015-08-23 00:00:00,/images/logo.png,1,9922
2015-08-23 00:00:00,/images/slide3.jpg,1,303703
2015-08-23 00:00:00,/images/slide1.jpg,1,71411
2015-08-23 00:00:00,/images/slide4.jpg,1,328564
2015-08-23 00:00:00,/images/slide2.jpg,1,353995
2015-08-23 00:00:00,/images/slide6.jpg,1,65536
2015-08-23 00:00:00,/images/slide5.jpg,1,235000
2015-08-23 02:00:00,/index.html,3,15131
2015-08-23 02:00:00,/robots.txt,1,1795
2015-08-23 04:00:00,/css/reset.css,1,350
2015-08-23 04:00:00,/index.html,1,5045
2015-08-23 05:00:00,/robots.txt,1,0
2015-08-23 05:00:00,/index.html,1,314
2015-08-23 07:00:00,/images/what-is-cocopeat.jpg,1,92982
2015-08-23 07:00:00,/index.html,1,5041
2015-08-23 07:00:00,/about-cocopeat.html,1,3599
2015-08-23 08:00:00,/robots.txt,1,1814
2015-08-23 08:00:00,/index.html,1,16734
2015-08-23 09:00:00,/index.html,1,352
2015-08-23 10:00:00,/css/reset.css,1,331
2015-08-23 10:00:00,/css/style.css,1,2730
2015-08-23 10:00:00,/css/anylinkcssmenu.css,1,1729
2015-08-23 10:00:00,/images/bottom-shade.png,1,5225
2015-08-23 10:00:00,/images/top-shade.png,1,4808
2015-08-23 10:00:00,/images/logo.png,1,9922
2015-08-23 10:00:00,/images/bullet.jpg,1,22755
2015-08-23 10:00:00,/manufacturing.html,3,25365
2015-08-23 10:00:00,/scripts/anylinkcssmenu.js,1,12134
2015-08-23 10:00:00,/images/promo.png,1,27399
2015-08-23 10:00:00,/images/slide1.jpg,1,136947
2015-08-23 14:00:00,/index.html,1,4986
2015-08-23 15:00:00,/index.html,1,16741
2015-08-23 18:00:00,/robots.txt,1,1814
2015-08-23 18:00:00,/index.html,1,314
2015-08-23 19:00:00,/index.html,1,314
2015-08-23 20:00:00,/index.html,1,16739
2015-08-23 21:00:00,/robots.txt,2,3628
2015-08-23 21:00:00,/coconut-fiber-120kgs.html,1,6750
2015-08-23 21:00:00,/compressed-cocopeat-bales.html,1,7176
2015-08-23 21:00:00,/contact.html,1,8763
2015-08-23 21:00:00,/curled-coir.html,1,7428
2015-08-23 21:00:00,/faq.html,1,8253
2015-08-24 01:00:00,/robots.txt,3,3628
2015-08-24 01:00:00,/index.html,1,5060
2015-08-24 01:00:00,/about.html,1,7514
2015-08-24 01:00:00,/faq.html,1,8253
2015-08-24 02:00:00,/robots.txt,1,1795
2015-08-24 02:00:00,/index.html,1,5045
2015-08-24 03:00:00,/robots.txt,2,1795
2015-08-24 03:00:00,/index.html,2,10105
2015-08-24 04:00:00,/robots.txt,1,1795
2015-08-24 04:00:00,/index.html,1,5041
2015-08-24 04:00:00,/css/reset.css,1,331
2015-08-24 04:00:00,/css/anylinkcssmenu.css,1,1729
2015-08-24 04:00:00,/css/style.css,1,2730
2015-08-24 04:00:00,/scripts/anylinkcssmenu.js,1,12134
2015-08-24 04:00:00,/scripts/jquery-latest.js,1,253148
2015-08-24 04:00:00,/images/logo.png,1,9922
2015-08-24 04:00:00,/images/slide1.jpg,1,136947
2015-08-24 04:00:00,/images/slide3.jpg,1,303703
2015-08-24 04:00:00,/images/slide4.jpg,1,328564
2015-08-24 04:00:00,/images/slide5.jpg,1,235000
2015-08-24 04:00:00,/images/slide2.jpg,1,353995
2015-08-24 04:00:00,/images/cocopeat-fiber.png,1,16403
2015-08-24 04:00:00,/images/cocopeat-5kg-compressedcocopeatbales.png,1,46594
2015-08-24 04:00:00,/images/coir-2-plyr.png,1,33044
2015-08-24 04:00:00,/images/curled-coir.png,1,29238
2015-08-24 04:00:00,/images/cocopeat-fiber-120kgs.png,1,32242
2015-08-24 04:00:00,/images/sprout-bullet.png,1,3974
2015-08-24 04:00:00,/images/cocopeat-composed.png,1,53474
2015-08-24 04:00:00,/images/top-shade.png,1,4808
2015-08-24 04:00:00,/images/img1.png,1,37612
2015-08-24 04:00:00,/images/promo.png,1,27399
2015-08-24 04:00:00,/images/bottom-shade.png,1,5225
2015-08-24 04:00:00,/images/bullet.jpg,1,22755
2015-08-24 04:00:00,/images/slide6.jpg,1,492490
2015-08-24 05:00:00,/index.html,1,5041
2015-08-24 05:00:00,/css/reset.css,1,331
2015-08-24 05:00:00,/css/anylinkcssmenu.css,1,1729
2015-08-24 05:00:00,/css/style.css,1,2730
2015-08-24 05:00:00,/scripts/anylinkcssmenu.js,1,12134
2015-08-24 05:00:00,/scripts/jquery-latest.js,1,253148
2015-08-24 05:00:00,/robots.txt,1,0
2015-08-24 07:00:00,/css/reset.css,1,331
2015-08-24 07:00:00,/css/style.css,1,2730
2015-08-24 07:00:00,/css/anylinkcssmenu.css,1,1729
2015-08-24 07:00:00,/images/sprout-bullet.png,1,3974
2015-08-24 07:00:00,/images/top-shade.png,1,4808
2015-08-24 07:00:00,/images/bottom-shade.png,1,5225
2015-08-24 07:00:00,/images/logo.png,1,9922
2015-08-24 07:00:00,/scripts/anylinkcssmenu.js,1,12134
2015-08-24 07:00:00,/index.html,1,16719
2015-08-24 07:00:00,/images/cocopeat-fiber.png,1,16403
2015-08-24 07:00:00,/images/coir-2-plyr.png,1,33044
2015-08-24 07:00:00,/images/cocopeat-fiber-120kgs.png,1,32242
2015-08-24 07:00:00,/images/bullet.jpg,1,22755
2015-08-24 07:00:00,/images/promo.png,1,27399
2015-08-24 07:00:00,/images/img1.png,1,37612
2015-08-24 07:00:00,/images/cocopeat-5kg-compressedcocopeatbales.png,1,46594
2015-08-24 07:00:00,/images/curled-coir.png,1,29238
2015-08-24 07:00:00,/images/cocopeat-composed.png,1,53474
2015-08-24 07:00:00,/images/slide1.jpg,1,136947
2015-08-24 07:00:00,/images/slide5.jpg,1,235000
2015-08-24 07:00:00,/scripts/jquery-latest.js,1,253148
2015-08-24 07:00:00,/images/slide3.jpg,1,303703
2015-08-24 07:00:00,/images/slide4.jpg,1,328564
2015-08-24 07:00:00,/images/slide2.jpg,1,353995
2015-08-24 07:00:00,/images/slide6.jpg,1,492490
2015-08-24 08:00:00,/index.html,2,33438
2015-08-24 08:00:00,/images/bottom-shade.png,1,5225
2015-08-24 08:00:00,/css/reset.css,1,331
2015-08-24 08:00:00,/images/top-shade.png,1,4808
2015-08-24 08:00:00,/css/anylinkcssmenu.css,1,1729
2015-08-24 08:00:00,/css/style.css,1,2730
2015-08-24 08:00:00,/about.html,1,7495
2015-08-24 08:00:00,/images/logo.png,1,9922
2015-08-24 08:00:00,/images/bullet.jpg,1,22755
2015-08-24 08:00:00,/scripts/anylinkcssmenu.js,1,12134
2015-08-24 08:00:00,/images/promo.png,1,27399
2015-08-24 08:00:00,/images/slide1.jpg,1,136947
2015-08-24 09:00:00,/index.html,1,16739
2015-08-24 10:00:00,/index.html,1,16741
2015-08-24 11:00:00,/coconut-fiber-50kgs.html,1,2333
2015-08-24 13:00:00,/robots.txt,2,3590
2015-08-24 13:00:00,/index.html,4,20172
2015-08-24 14:00:00,/contact.html,1,2887
2015-08-24 15:00:00,/index.html,2,10090
2015-08-24 15:00:00,/css/reset.css,1,331
2015-08-24 15:00:00,/css/anylinkcssmenu.css,1,1729
2015-08-24 15:00:00,/css/style.css,1,2730
2015-08-24 15:00:00,/scripts/anylinkcssmenu.js,1,12134
2015-08-24 15:00:00,/images/logo.png,1,9922
2015-08-24 15:00:00,/scripts/jquery-latest.js,1,253148
2015-08-24 15:00:00,/images/slide1.jpg,1,136947
2015-08-24 15:00:00,/images/promo.png,1,27399
2015-08-24 15:00:00,/images/top-shade.png,1,4808
2015-08-24 15:00:00,/contact.html,1,2887
2015-08-24 15:00:00,/images/slide5.jpg,3,178742
2015-08-24 15:00:00,/images/slide4.jpg,3,460826
2015-08-24 15:00:00,/images/slide6.jpg,3,65840
2015-08-24 15:00:00,/images/slide3.jpg,3,476640
2015-08-24 15:00:00,/images/slide2.jpg,3,65840
2015-08-24 15:00:00,/images/bottom-shade.png,1,5225
2015-08-24 15:00:00,/images/bullet.jpg,1,22755
2015-08-24 15:00:00,/favicon.ico,1,1795
2015-08-24 15:00:00,/images/cocopeat-5kg-compressedcocopeatbales.png,1,0
2015-08-24 15:00:00,/images/cocopeat-fiber.png,1,16403
2015-08-24 19:00:00,/index.html,1,5045
2015-08-24 19:00:00,/css/reset.css,1,331
2015-08-24 19:00:00,/css/anylinkcssmenu.css,1,1729
2015-08-24 19:00:00,/css/style.css,1,2730
2015-08-24 19:00:00,/scripts/anylinkcssmenu.js,1,12134
2015-08-24 19:00:00,/images/logo.png,1,9922
2015-08-24 19:00:00,/images/slide1.jpg,1,136947
2015-08-24 19:00:00,/images/slide5.jpg,1,235000
2015-08-24 19:00:00,/images/cocopeat-5kg-compressedcocopeatbales.png,1,46594
2015-08-24 19:00:00,/images/cocopeat-fiber.png,1,16403
2015-08-24 19:00:00,/images/slide3.jpg,1,303703
2015-08-24 19:00:00,/scripts/jquery-latest.js,1,253148
2015-08-24 19:00:00,/images/slide2.jpg,1,353995
2015-08-24 19:00:00,/images/cocopeat-fiber-120kgs.png,1,32242
2015-08-24 19:00:00,/images/curled-coir.png,1,29238
2015-08-24 19:00:00,/images/bullet.jpg,1,22755
2015-08-24 19:00:00,/images/promo.png,1,27399
2015-08-24 19:00:00,/images/coir-2-plyr.png,1,33044
2015-08-24 19:00:00,/images/slide4.jpg,1,328564
2015-08-24 19:00:00,/images/sprout-bullet.png,1,3974
2015-08-24 19:00:00,/images/top-shade.png,1,4808
2015-08-24 19:00:00,/images/bottom-shade.png,1,5225
2015-08-24 19:00:00,/images/img1.png,1,37612
2015-08-24 19:00:00,/images/cocopeat-composed.png,1,53474
2015-08-24 19:00:00,/images/slide6.jpg,1,492490
2015-08-24 19:00:00,/favicon.ico,1,1795
2015-08-24 20:00:00,/index.html,3,21780
2015-08-24 20:00:00,/robots.txt,2,3590
2015-08-24 20:00:00,/wp-login.php,1,1795
2015-08-24 20:00:00,/wp-login/,1,1795
2015-08-24 20:00:00,/wordpress/wp-login.php,1,1795
2015-08-24 20:00:00,/wp-admin/wp-login.php,1,1795
2015-08-24 20:00:00,/section/wp-login.php,1,1795
2015-08-24 20:00:00,/cms/wp-login.php,1,1795
2015-08-24 20:00:00,/site/wp-login.php,1,1795
2015-08-24 20:00:00,/blog/wp-login.php,1,1795
2015-08-24 20:00:00,/admin/wp-login.php,1,1795
2015-08-24 20:00:00,/wp/wp-login.php,1,1795
2015-08-24 21:00:00,/index.html,1,5060
2015-08-24 22:00:00,/index.html,1,5041
2015-08-24 22:00:00,/css/reset.css,1,331
2015-08-24 22:00:00,/css/anylinkcssmenu.css,1,1729
2015-08-24 22:00:00,/css/style.css,1,2730
2015-08-24 22:00:00,/scripts/anylinkcssmenu.js,1,12134
2015-08-24 22:00:00,/scripts/jquery-latest.js,1,253148
2015-08-25 00:00:00,/robots.txt,1,1814
2015-08-25 00:00:00,/index.html,1,16738
2015-08-25 02:00:00,/index.html,1,310
2015-08-25 02:00:00,/robots.txt,1,1814
2015-08-25 02:00:00,/css/style.css,1,2749
2015-08-25 04:00:00,/index.html,2,5045
2015-08-25 04:00:00,/images/curled-coir.png,1,29238
2015-08-25 04:00:00,/css/reset.css,1,331
2015-08-25 04:00:00,/css/style.css,1,2730
2015-08-25 04:00:00,/css/anylinkcssmenu.css,1,1729
2015-08-25 04:00:00,/scripts/anylinkcssmenu.js,1,12134
2015-08-25 04:00:00,/images/logo.png,1,9922
2015-08-25 04:00:00,/images/slide1.jpg,1,136947
2015-08-25 04:00:00,/scripts/jquery-latest.js,1,253148
2015-08-25 04:00:00,/images/cocopeat-5kg-compressedcocopeatbales.png,1,46594
2015-08-25 04:00:00,/images/promo.png,1,27399
2015-08-25 04:00:00,/images/top-shade.png,1,4808
2015-08-25 04:00:00,/images/cocopeat-fiber-120kgs.png,1,32242
2015-08-25 04:00:00,/images/slide5.jpg,1,235000
2015-08-25 04:00:00,/images/slide2.jpg,1,353995
2015-08-25 04:00:00,/images/cocopeat-fiber.png,1,16403
2015-08-25 04:00:00,/images/coir-2-plyr.png,1,33044
2015-08-25 04:00:00,/images/sprout-bullet.png,1,3974
2015-08-25 04:00:00,/images/img1.png,1,37612
2015-08-25 04:00:00,/images/slide3.jpg,1,303703
2015-08-25 04:00:00,/images/bottom-shade.png,1,5225
2015-08-25 04:00:00,/images/slide4.jpg,1,328564
2015-08-25 04:00:00,/images/bullet.jpg,1,22755
2015-08-25 04:00:00,/images/cocopeat-composed.png,1,53474
2015-08-25 04:00:00,/images/slide6.jpg,1,492490
2015-08-25 04:00:00,/favicon.ico,1,1795
2015-08-25 04:00:00,/faq.html,1,3130
2015-08-25 05:00:00,/images/cocopeat-5kg-compressedcocopeatbales.png,1,46594
2015-08-25 05:00:00,/images/cocopeat-fiber.png,1,16403
2015-08-25 05:00:00,/images/cocopeat-fiber-120kgs.png,1,32242
2015-08-25 05:00:00,/images/curled-coir.png,1,29238
2015-08-25 05:00:00,/images/coir-2-plyr.png,1,33044
2015-08-25 05:00:00,/images/cocopeat-composed.png,1,53474
2015-08-25 05:00:00,/images/img1.png,1,37612
2015-08-25 05:00:00,/images/sprout-bullet.png,1,3974
2015-08-25 05:00:00,/robots.txt,1,1795
2015-08-25 05:00:00,/index.html,1,5045
2015-08-25 05:00:00,/css/style.css,1,2730
2015-08-25 05:00:00,/css/reset.css,1,331
2015-08-25 05:00:00,/css/anylinkcssmenu.css,1,1729
2015-08-25 06:00:00,/images/uses.jpg,1,1795
2015-08-25 06:00:00,/index.html,1,16741
2015-08-25 07:00:00,/index.html,1,5041
2015-08-25 07:00:00,/css/reset.css,1,331
2015-08-25 07:00:00,/css/style.css,1,2730
2015-08-25 07:00:00,/css/anylinkcssmenu.css,1,1729
2015-08-25 07:00:00,/scripts/anylinkcssmenu.js,1,12134
2015-08-25 07:00:00,/scripts/jquery-latest.js,1,253148
2015-08-25 08:00:00,/robots.txt,2,3590
2015-08-25 08:00:00,/about.html,1,236
2015-08-25 08:00:00,/index.html,2,10101
2015-08-25 09:00:00,/about-cocopeat.html,1,0
2015-08-25 11:00:00,/coconut-fiber-50kgs.html,1,2333
2015-08-25 12:00:00,/index.html,1,5041
2015-08-25 12:00:00,/css/reset.css,1,331
2015-08-25 12:00:00,/css/anylinkcssmenu.css,1,1729
2015-08-25 12:00:00,/css/style.css,1,2730
2015-08-25 14:00:00,/index.html,1,5045
2015-08-25 14:00:00,/scripts/anylinkcssmenu.js,1,12134
2015-08-25 14:00:00,/scripts/jquery-latest.js,1,253148
2015-08-25 15:00:00,/index.html,1,4986
2015-08-25 15:00:00,/edit/default_image.aspx,1,846
2015-08-25 15:00:00,/about-cocopeat.html,1,236
2015-08-25 17:00:00,/robots.txt,1,1795
2015-08-25 17:00:00,/index.html,1,5045
2015-08-25 18:00:00,/index.html,2,5355
2015-08-25 18:00:00,/robots.txt,1,1814
2015-08-25 18:00:00,/edit/default_image.asp,1,0
2015-08-25 20:00:00,/index.html,2,21784
2015-08-25 20:00:00,/wp-login.php,1,1795
2015-08-25 20:00:00,/administrator/,1,1795
2015-08-25 20:00:00,/admin.php,1,1795
2015-08-25 21:00:00,/css/anylinkcssmenu.css,1,1748
2015-08-26 00:00:00,/css/anylinkcssmenu.css,5,8645
2015-08-26 00:00:00,/css/reset.css,5,1655
2015-08-26 00:00:00,/images/bottom-shade.png,1,5225
2015-08-26 00:00:00,/images/curled-coir.png,1,29238
2015-08-26 00:00:00,/images/bullet.jpg,1,22755
2015-08-26 00:00:00,/images/cocopeat-fiber-120kgs.png,1,32242
2015-08-26 00:00:00,/images/sprout-bullet.png,1,3974
2015-08-26 00:00:00,/css/style.css,5,13650
2015-08-26 00:00:00,/images/top-shade.png,1,4808
2015-08-26 00:00:00,/images/img1.png,1,37612
2015-08-26 00:00:00,/images/coir-2-plyr.png,1,33044
2015-08-26 00:00:00,/scripts/anylinkcssmenu.js,1,12134
2015-08-26 00:00:00,/images/logo.png,1,9922
2015-08-26 00:00:00,/index.html,1,16719
2015-08-26 00:00:00,/images/cocopeat-5kg-compressedcocopeatbales.png,1,46594
2015-08-26 00:00:00,/images/cocopeat-fiber.png,1,16403
2015-08-26 00:00:00,/images/promo.png,1,27399
2015-08-26 00:00:00,/images/cocopeat-composed.png,1,53474
2015-08-26 00:00:00,/images/slide1.jpg,1,136947
2015-08-26 00:00:00,/images/slide5.jpg,1,235000
2015-08-26 00:00:00,/scripts/jquery-latest.js,1,253148
2015-08-26 00:00:00,/images/slide3.jpg,1,303703
2015-08-26 00:00:00,/images/slide2.jpg,1,353995
2015-08-26 00:00:00,/images/slide4.jpg,1,328564
2015-08-26 00:00:00,/images/slide6.jpg,1,492490
2015-08-26 00:00:00,/faq.html,1,8234
2015-08-26 00:00:00,/about.html,1,7495
2015-08-26 00:00:00,/contact.html,1,8744
2015-08-26 01:00:00,/robots.txt,1,0
2015-08-26 01:00:00,/index.html,4,31855
2015-08-26 01:00:00,/about.html,1,2939
2015-08-26 01:00:00,/faq.html,1,3149
2015-08-26 01:00:00,/about-cocopeat.html,1,3599
2015-08-26 01:00:00,/quality-control.html,1,2888
2015-08-26 01:00:00,/manufacturing.html,1,3270
2015-08-26 01:00:00,/contact.html,1,2906
2015-08-26 01:00:00,/compressed-cocopeat-bales.html,1,2411
2015-08-26 01:00:00,/coconut-fiber-50kgs.html,1,2333
2015-08-26 01:00:00,/coconut-fiber-120kgs.html,1,2329
2015-08-26 01:00:00,/curled-coir.html,1,2456
2015-08-26 01:00:00,/coir-yarn.html,1,2260
2015-08-26 01:00:00,/cocopeat-composed.html,1,2239
2015-08-26 01:00:00,/coconut-fiber.html,1,0
2015-08-26 01:00:00,/admin/edit/default_image.asp,1,0
2015-08-26 02:00:00,/robots.txt,1,0
2015-08-26 02:00:00,/index.html,1,16739
2015-08-26 03:00:00,/index.html,1,0
2015-08-26 04:00:00,/admin/default_image.asp,1,0
2015-08-26 05:00:00,/robots.txt,2,3628
2015-08-26 05:00:00,/about.html,1,7514
2015-08-26 05:00:00,/faq.html,1,8253
2015-08-26 05:00:00,/index.html,1,5041
2015-08-26 05:00:00,/css/reset.css,1,331
2015-08-26 05:00:00,/css/anylinkcssmenu.css,1,1729
2015-08-26 05:00:00,/css/style.css,1,2730
2015-08-26 05:00:00,/scripts/anylinkcssmenu.js,1,12134
2015-08-26 05:00:00,/scripts/jquery-latest.js,1,253148
2015-08-26 06:00:00,/index.html,1,0
2015-08-26 07:00:00,/robots.txt,1,1795
2015-08-26 07:00:00,/admin/default_image.aspx,1,0
2015-08-26 10:00:00,/admin/editor/default_image.asp,1,0
2015-08-26 10:00:00,/robots.txt,2,3590
2015-08-26 10:00:00,/index.html,4,20172
2015-08-26 11:00:00,/index.html,1,5060
2015-08-26 11:00:00,/images/curled-coir.png,1,29257
2015-08-26 12:00:00,/robots.txt,1,1795
2015-08-26 12:00:00,/index.html,1,5041
2015-08-26 12:00:00,/favicon.ico,1,0
2015-08-26 13:00:00,/about-cocopeat.html,1,3580
2015-08-26 13:00:00,/css/anylinkcssmenu.css,1,1729
2015-08-26 13:00:00,/css/reset.css,1,331
2015-08-26 13:00:00,/css/style.css,1,2730
2015-08-26 13:00:00,/scripts/anylinkcssmenu.js,1,12134
2015-08-26 13:00:00,/images/logo.png,1,9922
2015-08-26 13:00:00,/images/top-shade.png,1,4808
2015-08-26 13:00:00,/images/bullet.jpg,1,22755
2015-08-26 13:00:00,/images/bottom-shade.png,1,5225
2015-08-26 13:00:00,/images/promo.png,1,27399
2015-08-26 13:00:00,/images/slide1.jpg,1,136947
2015-08-26 13:00:00,/images/what-is-cocopeat.jpg,1,92982
2015-08-26 13:00:00,/favicon.ico,1,1795
2015-08-26 14:00:00,/index.html,1,5041
2015-08-26 14:00:00,/css/reset.css,1,331
2015-08-26 14:00:00,/css/anylinkcssmenu.css,1,1729
2015-08-26 14:00:00,/css/style.css,1,2730
2015-08-26 14:00:00,/scripts/anylinkcssmenu.js,1,12134
2015-08-26 14:00:00,/scripts/jquery-latest.js,1,253148
2015-08-26 16:00:00,/index.html,1,16734
2015-08-26 16:00:00,/assetmanager/assetmanager.asp,1,0
2015-08-26 17:00:00,/robots.txt,1,1795
2015-08-26 17:00:00,/coconut-fiber-50kgs.html,1,237
2015-08-26 18:00:00,/cocopeat-composed.html,1,2239
2015-08-26 19:00:00,/index.html,1,5041
2015-08-26 19:00:00,/css/reset.css,2,662
2015-08-26 19:00:00,/css/anylinkcssmenu.css,2,3458
2015-08-26 19:00:00,/scripts/anylinkcssmenu.js,2,24268
2015-08-26 19:00:00,/css/style.css,2,5460
2015-08-26 19:00:00,/scripts/jquery-latest.js,1,253148
2015-08-26 19:00:00,/about-cocopeat.html,1,3580
2015-08-26 19:00:00,/images/logo.png,1,9922
2015-08-26 19:00:00,/images/bottom-shade.png,1,5225
2015-08-26 19:00:00,/images/top-shade.png,1,4808
2015-08-26 19:00:00,/images/promo.png,1,27399
2015-08-26 19:00:00,/images/bullet.jpg,1,22755
2015-08-26 19:00:00,/images/slide1.jpg,1,136947
2015-08-26 19:00:00,/images/what-is-cocopeat.jpg,1,92982
2015-08-26 19:00:00,/favicon.ico,1,1795
2015-08-26 19:00:00,/images/cocopeat-5kg-compressedcocopeatbales-large.png,1,0
2015-08-26 20:00:00,/index.html,3,38544
2015-08-26 22:00:00,/admin/assetmanager/assetmanager.asp,1,0
2015-08-27 00:00:00,/coconut-fiber.html,1,0
2015-08-27 01:00:00,/admin/assetmanager/assetmanager.aspx,1,169
2015-08-27 02:00:00,/robots.txt,1,1814
2015-08-27 02:00:00,/index.html,1,5045
2015-08-27 02:00:00,/manufacturing.html,1,3270
2015-08-27 03:00:00,/siteenginemanager/components/editor/assetmanager/assetmanager.asp,1,0
2015-08-27 04:00:00,/robots.txt,1,1814
2015-08-27 04:00:00,/index.html,1,16738
2015-08-27 05:00:00,/robots.txt,2,3590
2015-08-27 05:00:00,/index.html,3,15072
2015-08-27 05:00:00,/products.html,2,3590
2015-08-27 05:00:00,/quality.html,1,1795
2015-08-27 05:00:00,/uses.html,1,1795
2015-08-27 05:00:00,/compressed-cocopeat-bales.html,1,2392
2015-08-27 05:00:00,/production.html,1,1795
2015-08-27 05:00:00,/production3.html,1,0
2015-08-27 05:00:00,/siteenginemanager/components/editor/assetmanager/assetmanager.aspx,1,846
2015-08-27 06:00:00,/css/reset.css,1,355
2015-08-27 06:00:00,/css/anylinkcssmenu.css,1,1753
2015-08-27 06:00:00,/css/style.css,1,2754
2015-08-27 06:00:00,/index.html,1,16739
2015-08-27 06:00:00,/scripts/anylinkcssmenu.js,1,12158
2015-08-27 06:00:00,/scripts/jquery-latest.js,1,187636
2015-08-27 08:00:00,/admin/siteenginemanager/components/editor/assetmanager/assetmanager.asp,1,0
2015-08-27 08:00:00,/index.html,1,5041
2015-08-27 10:00:00,/robots.txt,1,1795
2015-08-27 10:00:00,/admin/siteenginemanager/components/editor/assetmanager/assetmanager.aspx,1,846
2015-08-27 11:00:00,/images/cocopeat-fiber-120kgs-large.png,1,310837
2015-08-27 12:00:00,/editor/assetmanager/assetmanager.asp,1,0
2015-08-27 13:00:00,/robots.txt,1,1814
2015-08-27 13:00:00,/curled-coir.html,1,7428
2015-08-27 14:00:00,/editor/assetmanager/assetmanager.aspx,1,169
2015-08-27 14:00:00,/index.html,1,16741
2015-08-27 16:00:00,/admin/editor/assetmanager/assetmanager.asp,1,0
2015-08-27 16:00:00,/curled-coir.html,1,7409
2015-08-27 16:00:00,/cocopeat-composed.html,1,6516
2015-08-27 16:00:00,/quality-control.html,1,7637
2015-08-27 18:00:00,/robots.txt,2,3628
2015-08-27 18:00:00,/index.html,2,624
2015-08-27 18:00:00,/admin/editor/assetmanager/assetmanager.aspx,1,0
2015-08-27 19:00:00,/index.html,2,33478
2015-08-27 20:00:00,/index.html,1,5041
2015-08-27 20:00:00,/css/reset.css,1,331
2015-08-27 20:00:00,/css/anylinkcssmenu.css,1,1729
2015-08-27 20:00:00,/scripts/anylinkcssmenu.js,1,12134
2015-08-27 20:00:00,/css/style.css,1,2730
2015-08-27 20:00:00,/scripts/jquery-latest.js,1,253148
2015-08-27 20:00:00,/robots.txt,1,1795
2015-08-27 21:00:00,/administrator/editor/assetmanager/assetmanager.asp,1,0
2015-08-27 22:00:00,/index.html,2,10105
2015-08-27 23:00:00,/index.html,2,21760
2015-08-27 23:00:00,/wp-login.php,1,1795
2015-08-27 23:00:00,/administrator/siteenginemanager/components/editor/assetmanager/assetmanager.asp,1,0
2015-08-27 23:00:00,/robots.txt,1,1795
2015-08-28 02:00:00,/admin/assetmanager/default.asp,1,0
2015-08-28 02:00:00,/manufacturing.html,1,8455
2015-08-28 02:00:00,/faq.html,1,8234
2015-08-28 03:00:00,/robots.txt,1,1795
2015-08-28 03:00:00,/index.html,2,10086
2015-08-28 03:00:00,/css/reset.css,1,331
2015-08-28 03:00:00,/css/anylinkcssmenu.css,1,1729
2015-08-28 03:00:00,/css/style.css,1,2730
2015-08-28 03:00:00,/scripts/anylinkcssmenu.js,1,12134
2015-08-28 03:00:00,/scripts/jquery-latest.js,1,187612
2015-08-28 04:00:00,/editor/assetmanager/assetmanager.asp,1,0
2015-08-28 05:00:00,/index.html,1,5041
2015-08-28 05:00:00,/css/reset.css,1,331
2015-08-28 05:00:00,/css/anylinkcssmenu.css,1,1729
2015-08-28 05:00:00,/css/style.css,1,2730
2015-08-28 05:00:00,/scripts/anylinkcssmenu.js,1,12134
2015-08-28 05:00:00,/scripts/jquery-latest.js,1,253148
2015-08-28 06:00:00,/ofrzeditor/assetmanager/assetmanager.asp,1,0
2015-08-28 08:00:00,/robots.txt,2,3628
2015-08-28 08:00:00,/about.html,1,7514
2015-08-28 08:00:00,/faq.html,1,8253
2015-08-28 10:00:00,/index.html,2,21727
2015-08-28 11:00:00,/index.html,1,314
2015-08-28 12:00:00,/robots.txt,1,1795
2015-08-28 12:00:00,/index.html,1,5045
2015-08-28 12:00:00,/about.html,2,10415
2015-08-28 12:00:00,/coconut-fiber-120kgs.html,1,6731
2015-08-28 13:00:00,/compressed-cocopeat-bales.html,1,2411
2015-08-28 15:00:00,/about-cocopeat.html,1,3580
2015-08-28 15:00:00,/css/reset.css,1,331
2015-08-28 15:00:00,/css/anylinkcssmenu.css,1,1729
2015-08-28 15:00:00,/css/style.css,1,2730
2015-08-28 15:00:00,/images/logo.png,1,9922
2015-08-28 15:00:00,/scripts/anylinkcssmenu.js,1,12134
2015-08-28 15:00:00,/images/top-shade.png,1,4808
2015-08-28 15:00:00,/images/bottom-shade.png,1,5225
2015-08-28 15:00:00,/images/bullet.jpg,1,22755
2015-08-28 15:00:00,/images/promo.png,1,27399
2015-08-28 15:00:00,/images/slide1.jpg,1,136947
2015-08-28 15:00:00,/images/what-is-cocopeat.jpg,1,92982
2015-08-28 15:00:00,/favicon.ico,1,1795
2015-08-28 15:00:00,/quality-control.html,1,2869
2015-08-28 15:00:00,/manufacturing.html,1,3251
2015-08-28 15:00:00,/contact.html,1,2887
2015-08-28 15:00:00,/index.html,1,5045
2015-08-28 16:00:00,/images/cocopeat-composed-large.png,1,262144
2015-08-28 19:00:00,/index.html,2,21803
2015-08-28 19:00:00,/css/reset.css,1,331
2015-08-28 21:00:00,/index.html,1,5041
2015-08-28 22:00:00,/coir-yarn.html,1,6526
2015-08-28 22:00:00,/about-cocopeat.html,1,9271
2015-08-28 22:00:00,/index.html,4,43527
2015-08-28 23:00:00,/index.html,1,5041
2015-08-28 23:00:00,/css/reset.css,1,331
2015-08-28 23:00:00,/css/anylinkcssmenu.css,1,1729
2015-08-28 23:00:00,/css/style.css,1,2730
2015-08-28 23:00:00,/scripts/anylinkcssmenu.js,1,12134
2015-08-28 23:00:00,/scripts/jquery-latest.js,1,253148
2015-08-29 00:00:00,/index.html,2,21799
2015-08-29 00:00:00,/css/reset.css,2,686
2015-08-29 00:00:00,/css/anylinkcssmenu.css,2,3482
2015-08-29 00:00:00,/css/style.css,1,2754
2015-08-29 00:00:00,/scripts/jquery-latest.js,1,0
2015-08-29 00:00:00,/scripts/anylinkcssmenu.js,1,12158
2015-08-29 01:00:00,/index.html,1,314
2015-08-29 03:00:00,/robots.txt,1,1795
2015-08-29 03:00:00,/index.html,1,5041
2015-08-29 03:00:00,/css/reset.css,1,331
2015-08-29 03:00:00,/css/anylinkcssmenu.css,1,1729
2015-08-29 03:00:00,/css/style.css,1,2730
2015-08-29 03:00:00,/scripts/anylinkcssmenu.js,1,12134
2015-08-29 03:00:00,/scripts/jquery-latest.js,1,253148
2015-08-29 04:00:00,/index.html,1,0
2015-08-29 05:00:00,/robots.txt,1,1795
2015-08-29 05:00:00,/index.html,1,5045
2015-08-29 05:00:00,/css/reset.css,1,331
2015-08-29 05:00:00,/css/anylinkcssmenu.css,1,1729
2015-08-29 05:00:00,/css/style.css,1,2730
2015-08-29 07:00:00,/robots.txt,1,1795
2015-08-29 07:00:00,/index.html,1,5041
2015-08-29 08:00:00,/coconut-fiber-50kgs.html,1,6773
2015-08-29 08:00:00,/about.html,1,236
2015-08-29 08:00:00,/index.html,1,5041
2015-08-29 08:00:00,/css/style.css,1,2730
2015-08-29 08:00:00,/css/reset.css,1,331
2015-08-29 08:00:00,/css/anylinkcssmenu.css,1,1729
2015-08-29 08:00:00,/scripts/jquery-latest.js,1,0
2015-08-29 08:00:00,/scripts/anylinkcssmenu.js,1,0
2015-08-29 09:00:00,/index.html,1,5041
2015-08-29 10:00:00,/index.html,1,5041
2015-08-29 10:00:00,/css/reset.css,1,331
2015-08-29 10:00:00,/css/anylinkcssmenu.css,1,1729
2015-08-29 10:00:00,/css/style.css,1,2730
2015-08-29 10:00:00,/scripts/anylinkcssmenu.js,1,12134
2015-08-29 10:00:00,/scripts/jquery-latest.js,1,253148
2015-08-29 11:00:00,/manufacturing.html,1,236
2015-08-29 12:00:00,/index.html,3,22098
2015-08-29 12:00:00,/css/anylinkcssmenu.css,1,1729
2015-08-29 12:00:00,/css/style.css,1,2730
2015-08-29 12:00:00,/css/reset.css,1,331
2015-08-29 12:00:00,/images/logo.png,1,9922
2015-08-29 12:00:00,/scripts/anylinkcssmenu.js,1,12134
2015-08-29 12:00:00,/images/slide1.jpg,1,136947
2015-08-29 12:00:00,/scripts/jquery-latest.js,1,253148
2015-08-29 12:00:00,/images/cocopeat-5kg-compressedcocopeatbales.png,1,46594
2015-08-29 12:00:00,/images/promo.png,1,27399
2015-08-29 12:00:00,/images/top-shade.png,1,4808
2015-08-29 12:00:00,/images/cocopeat-fiber-120kgs.png,1,32242
2015-08-29 12:00:00,/images/cocopeat-fiber.png,1,16403
2015-08-29 12:00:00,/images/slide5.jpg,1,235000
2015-08-29 12:00:00,/images/curled-coir.png,1,29238
2015-08-29 12:00:00,/images/coir-2-plyr.png,1,33044
2015-08-29 12:00:00,/images/img1.png,1,37612
2015-08-29 12:00:00,/images/sprout-bullet.png,1,3974
2015-08-29 12:00:00,/images/slide3.jpg,1,303703
2015-08-29 12:00:00,/images/bottom-shade.png,1,5225
2015-08-29 12:00:00,/images/bullet.jpg,1,22755
2015-08-29 12:00:00,/images/cocopeat-composed.png,1,53474
2015-08-29 12:00:00,/images/slide4.jpg,1,328564
2015-08-29 12:00:00,/images/slide2.jpg,1,353995
2015-08-29 12:00:00,/images/slide6.jpg,1,492490
2015-08-29 12:00:00,/favicon.ico,1,1795
2015-08-29 12:00:00,/contact.html,1,2887
2015-08-29 12:00:00,/robots.txt,1,0
2015-08-29 16:00:00,/index.html,1,16734
2015-08-29 16:00:00,/scripts/jquery-latest.js,2,0
2015-08-29 16:00:00,/scripts/anylinkcssmenu.js,2,0
2015-08-29 17:00:00,/css/reset.css,1,350
2015-08-29 17:00:00,/robots.txt,1,0
2015-08-29 17:00:00,/index.html,1,5060
2015-08-29 18:00:00,/index.html,1,16660
2015-08-29 18:00:00,/compressed-cocopeat-bales.html,1,7157
2015-08-29 19:00:00,/css/reset.css,2,662
2015-08-29 19:00:00,/about-cocopeat.html,1,3580
2015-08-29 19:00:00,/css/anylinkcssmenu.css,2,3458
2015-08-29 19:00:00,/css/style.css,2,5460
2015-08-29 19:00:00,/images/logo.png,1,9922
2015-08-29 19:00:00,/scripts/anylinkcssmenu.js,2,24268
2015-08-29 19:00:00,/images/top-shade.png,1,4808
2015-08-29 19:00:00,/images/bottom-shade.png,1,5225
2015-08-29 19:00:00,/images/bullet.jpg,1,22755
2015-08-29 19:00:00,/images/promo.png,1,27399
2015-08-29 19:00:00,/images/what-is-cocopeat.jpg,1,92982
2015-08-29 19:00:00,/images/slide1.jpg,1,136947
2015-08-29 19:00:00,/favicon.ico,1,1795
2015-08-29 19:00:00,/index.html,2,21780
2015-08-29 19:00:00,/scripts/jquery-latest.js,1,253148
2015-08-29 20:00:00,/robots.txt,2,3609
2015-08-29 20:00:00,/coconut-fiber-120kgs.html,1,6750
2015-08-29 20:00:00,/coconut-fiber-50kgs.html,1,6792
2015-08-29 20:00:00,/cocopeat-composed.html,1,6535
2015-08-29 20:00:00,/coir-yarn.html,1,6545
2015-08-29 20:00:00,/compressed-cocopeat-bales.html,1,7176
2015-08-29 20:00:00,/contact.html,1,8763
2015-08-29 20:00:00,/curled-coir.html,1,7428
2015-08-29 20:00:00,/faq.html,1,8253
2015-08-29 20:00:00,/index.html,1,16679
2015-08-29 20:00:00,/manufacturing.html,1,8474
2015-08-29 20:00:00,/quality-control.html,1,7656
2015-08-29 22:00:00,/robots.txt,1,1814
2015-08-29 22:00:00,/index.html,1,314
2015-08-29 23:00:00,/index.html,1,5064
2015-08-30 00:00:00,/index.html,2,10082
2015-08-30 00:00:00,/css/reset.css,1,331
2015-08-30 00:00:00,/css/anylinkcssmenu.css,1,1729
2015-08-30 00:00:00,/css/style.css,1,2730
2015-08-30 00:00:00,/scripts/anylinkcssmenu.js,1,12134
2015-08-30 00:00:00,/scripts/jquery-latest.js,1,253148
2015-08-30 00:00:00,/robots.txt,1,1795
2015-08-30 01:00:00,/css/reset.css,1,331
2015-08-30 01:00:00,/css/style.css,1,2730
2015-08-30 01:00:00,/css/anylinkcssmenu.css,1,1729
2015-08-30 01:00:00,/robots.txt,1,1814
2015-08-30 01:00:00,/index.html,1,16734
2015-08-30 02:00:00,/robots.txt,1,1795
2015-08-30 02:00:00,/css/anylinkcssmenu.css,1,1748
2015-08-30 03:00:00,/robots.txt,3,5442
2015-08-30 03:00:00,/coconut-fiber-50kgs.html,2,13584
2015-08-30 03:00:00,/coconut-fiber.html,1,1814
2015-08-30 03:00:00,/cocopeat-composed.html,1,6535
2015-08-30 03:00:00,/coir-yarn.html,1,6545
2015-08-30 03:00:00,/index.html,2,21802
2015-08-30 03:00:00,/css/reset.css,1,331
2015-08-30 03:00:00,/css/anylinkcssmenu.css,1,1729
2015-08-30 03:00:00,/scripts/anylinkcssmenu.js,1,12134
2015-08-30 04:00:00,/index.html,1,352
2015-08-30 05:00:00,/index.html,2,21760
2015-08-30 05:00:00,/robots.txt,1,1795
2015-08-30 06:00:00,/index.html,1,0
2015-08-30 06:00:00,/robots.txt,3,3590
2015-08-30 07:00:00,/index.html,1,5060
2015-08-30 07:00:00,/css/anylinkcssmenu.css,1,1729
2015-08-30 07:00:00,/css/style.css,1,2730
2015-08-30 07:00:00,/scripts/anylinkcssmenu.js,1,12134
2015-08-30 07:00:00,/scripts/jquery-latest.js,1,253148
2015-08-30 08:00:00,/robots.txt,1,1795
